id,raw,fixed,notes
1,"(-1 * CORR(RANK(DELTA(LOG(VOLUME),1)),RANK(((CLOSE- OPEN)/ OPEN)),6))","(-1 * CORR(RANK(DELTA(LOG(VOLUME),1)),RANK(((CLOSE- OPEN)/ OPEN)),6))",
2,"(-1 * DELTA((((CLOSE- LOW)-(HIGH- CLOSE))/(HIGH- LOW)),1))","(-1 * DELTA((((CLOSE- LOW)-(HIGH- CLOSE))/(HIGH- LOW)),1))",
3,"SUM((CLOSE=DELAY(CLOSE,1)?0:CLOSE-(CLOSE>DELAY(CLOSE,1)?MIN(LOW,DELAY(CLOSE,1)):MAX(HIGH,DELAY(CLOSE,1)))),6)","IF(SUM((CLOSE==DELAY(CLOSE,1)?0:CLOSE-(CLOSE>DELAY(CLOSE,1), MIN(LOW,DELAY(CLOSE,1)), MAX(HIGH,DELAY(CLOSE,1)))),6))",SYNTAX:invalid syntax;cmp:=->==;ternary->IF()
4,"((((SUM(CLOSE,8)/ 8)+ STD(CLOSE,8))<(SUM(CLOSE,2)/ 2))?(-1 * 1):(((SUM(CLOSE,2)/ 2)<((SUM(CLOSE,8)/ 8)- STD(CLOSE,8)))? 1 :(((1 <(VOLUME/ MEAN(VOLUME,20)))||((VOLUME/ MEAN(VOLUME,20))== 1))? 1 :(-1 * 1))))","IF(((((SUM(CLOSE,8)/ 8)+ STD(CLOSE,8))<(SUM(CLOSE,2)/ 2))?(-1 * 1):(((SUM(CLOSE,2)/ 2)<((SUM(CLOSE,8)/ 8)- STD(CLOSE,8)))? 1 :(((1 <(VOLUME/ MEAN(VOLUME,20)))|((VOLUME/ MEAN(VOLUME,20))== 1)), 1, (-1 * 1)))))",SYNTAX:invalid syntax;ternary->IF()
5,"(-1 * TSMAX(CORR(TSRANK(VOLUME,5),TSRANK(HIGH,5),5),3))","(-1 * TSMAX(CORR(TSRANK(VOLUME,5),TSRANK(HIGH,5),5),3))",
6,"(RANK(SIGN(DELTA((((OPEN* 0.85)+(HIGH* 0.15))),4)))* -1)","(RANK(SIGN(DELTA((((OPEN* 0.85)+(HIGH* 0.15))),4)))* -1)",
7,"((RANK(MAX((VWAP- CLOSE),3))+ RANK(MIN((VWAP- CLOSE),3)))* RANK(DELTA(VOLUME,3)))","((RANK(MAX((VWAP- CLOSE),3))+ RANK(MIN((VWAP- CLOSE),3)))* RANK(DELTA(VOLUME,3)))",
8,"RANK(DELTA(((((HIGH+ LOW)/ 2)* 0.2)+(VWAP* 0.8)),4)* -1)","RANK(DELTA(((((HIGH+ LOW)/ 2)* 0.2)+(VWAP* 0.8)),4)* -1)",
9,"SMA(((HIGH+LOW)/2 -(DELAY(HIGH,1)+DELAY(LOW,1))/2)*(HIGH-LOW)/VOLUME,7,2)","SSMA(((HIGH+LOW)/2 -(DELAY(HIGH,1)+DELAY(LOW,1))/2)*(HIGH-LOW)/VOLUME,7,2)",alias:MA(->SMA(
11,"SUM(((CLOSE-LOW)-(HIGH-CLOSE))/(HIGH-LOW)*VOLUME,6)","SUM(((CLOSE-LOW)-(HIGH-CLOSE))/(HIGH-LOW)*VOLUME,6)",
12,"(RANK((OPEN-(SUM(VWAP,10)/ 10))))*(-1 *(RANK(ABS((CLOSE- VWAP)))))","(RANK((OPEN-(SUM(VWAP,10)/ 10))))*(-1 *(RANK(ABS((CLOSE- VWAP)))))",
13,(((HIGH* LOW)^0.5)- VWAP),(((HIGH* LOW)**0.5)- VWAP),pow:^->**
14,"CLOSE-DELAY(CLOSE,5)","CLOSE-DELAY(CLOSE,5)",
15,"OPEN/DELAY(CLOSE,1)-1","OPEN/DELAY(CLOSE,1)-1",
16,"(-1 * TSMAX(RANK(CORR(RANK(VOLUME),RANK(VWAP),5)),5))","(-1 * TSMAX(RANK(CORR(RANK(VOLUME),RANK(VWAP),5)),5))",
17,"RANK((VWAP- MAX(VWAP,15)))^DELTA(CLOSE,5)","RANK((VWAP- MAX(VWAP,15)))**DELTA(CLOSE,5)",pow:^->**
18,"CLOSE/DELAY(CLOSE,5)","CLOSE/DELAY(CLOSE,5)",
19,"(CLOSE<DELAY(CLOSE,5)?(CLOSE-DELAY(CLOSE,5))/DELAY(CLOSE,5):(CLOSE=DELAY(CLOSE,5)?0:(CLOSE-DELAY(CLOSE,5))/CLOSE))","IF((CLOSE<DELAY(CLOSE,5)?(CLOSE-DELAY(CLOSE,5))/DELAY(CLOSE,5):(CLOSE==DELAY(CLOSE,5), 0, (CLOSE-DELAY(CLOSE,5))/CLOSE)))",SYNTAX:invalid syntax;cmp:=->==;ternary->IF()
20,"(CLOSE-DELAY(CLOSE,6))/DELAY(CLOSE,6)*100","(CLOSE-DELAY(CLOSE,6))/DELAY(CLOSE,6)*100",
21,"REGBETA(MEAN(CLOSE,6),SEQUENCE(6),6)","REGBETA(MEAN(CLOSE,6),SEQUENCE(6),6)",
22,"SMEAN(((CLOSE-MEAN(CLOSE,6))/MEAN(CLOSE,6)-DELAY((CLOSE-MEAN(CLOSE,6))/MEAN(CLOSE,6),3)),12,1)","SSMA(((CLOSE-MEAN(CLOSE,6))/MEAN(CLOSE,6)-DELAY((CLOSE-MEAN(CLOSE,6))/MEAN(CLOSE,6),3)),12,1)",alias:SMEAN(->SMA(;alias:MA(->SMA(
23,"SMA((CLOSE>DELAY(CLOSE,1)?STD(CLOSE:20),0),20,1)/(SMA((CLOSE>DELAY(CLOSE,1)?STD(CLOSE,20):0),20,1)+SMA((CLOSE<=DELAY(CLOSE,1)?STD(CLOSE,20):0),20,1))*100","IF(SSMA((CLOSE>DELAY(CLOSE,1)?STD(CLOSE:20),0),20,1)/(SSMA((CLOSE>DELAY(CLOSE,1)?STD(CLOSE,20):0),20,1)+SSMA((CLOSE<=DELAY(CLOSE,1), STD(CLOSE,20), 0),20,1))*100)",SYNTAX:invalid syntax;alias:MA(->SMA(;ternary->IF()
24,"SMA(CLOSE-DELAY(CLOSE,5),5,1)","SSMA(CLOSE-DELAY(CLOSE,5),5,1)",alias:MA(->SMA(
25,"((-1 * RANK((DELTA(CLOSE,7)*(1 - RANK(DECAYLINEAR((VOLUME/ MEAN(VOLUME,20)),9))))))*(1 + RANK(SUM(RET,250))))","((-1 * RANK((DELTA(CLOSE,7)*(1 - RANK(DECAY_LINEAR((VOLUME/ MEAN(VOLUME,20)),9))))))*(1 + RANK(SUM(RET,250))))",alias:DECAYLINEAR->DECAY_LINEAR
26,"((((SUM(CLOSE,7)/ 7)- CLOSE))+((CORR(VWAP,DELAY(CLOSE,5),230))))","((((SUM(CLOSE,7)/ 7)- CLOSE))+((CORR(VWAP,DELAY(CLOSE,5),230))))",
27,"WMA((CLOSE-DELAY(CLOSE,3))/DELAY(CLOSE,3)*100+(CLOSE-DELAY(CLOSE,6))/DELAY(CLOSE,6)*100,12)","WSMA((CLOSE-DELAY(CLOSE,3))/DELAY(CLOSE,3)*100+(CLOSE-DELAY(CLOSE,6))/DELAY(CLOSE,6)*100,12)",alias:MA(->SMA(
28,"3*SMA((CLOSE-TSMIN(LOW,9))/(TSMAX(HIGH,9)-TSMIN(LOW,9))*100,3,1)-2*SMA(SMA((CLOSE-TSMIN(LOW,9))/(MAX(HIGH,9)-TSMAX(LOW,9))*100,3,1),3,1)","3*SSMA((CLOSE-TSMIN(LOW,9))/(TSMAX(HIGH,9)-TSMIN(LOW,9))*100,3,1)-2*SSMA(SSMA((CLOSE-TSMIN(LOW,9))/(MAX(HIGH,9)-TSMAX(LOW,9))*100,3,1),3,1)",alias:MA(->SMA(
29,"(CLOSE-DELAY(CLOSE,6))/DELAY(CLOSE,6)*VOLUME","(CLOSE-DELAY(CLOSE,6))/DELAY(CLOSE,6)*VOLUME",
31,"(CLOSE-MEAN(CLOSE,12))/MEAN(CLOSE,12)*100","(CLOSE-MEAN(CLOSE,12))/MEAN(CLOSE,12)*100",
32,"(-1 * SUM(RANK(CORR(RANK(HIGH),RANK(VOLUME),3)),3))","(-1 * SUM(RANK(CORR(RANK(HIGH),RANK(VOLUME),3)),3))",
33,"((((-1 * TSMIN(LOW,5))+ DELAY(TSMIN(LOW,5),5))* RANK(((SUM(RET,240)- SUM(RET,20))/ 220)))* TSRANK(VOLUME,5))","((((-1 * TSMIN(LOW,5))+ DELAY(TSMIN(LOW,5),5))* RANK(((SUM(RET,240)- SUM(RET,20))/ 220)))* TSRANK(VOLUME,5))",
34,"MEAN(CLOSE,12)/CLOSE","MEAN(CLOSE,12)/CLOSE",
35,"(MIN(RANK(DECAYLINEAR(DELTA(OPEN,1),15)),RANK(DECAYLINEAR(CORR((VOLUME),((OPEN* 0.65)+(OPEN*0.35)),17),7)))* -1)","(MIN(RANK(DECAY_LINEAR(DELTA(OPEN,1),15)),RANK(DECAY_LINEAR(CORR((VOLUME),((OPEN* 0.65)+(OPEN*0.35)),17),7)))* -1)",alias:DECAYLINEAR->DECAY_LINEAR
37,"(-1 * RANK(((SUM(OPEN,5)* SUM(RET,5))- DELAY((SUM(OPEN,5)* SUM(RET,5)),10))))","(-1 * RANK(((SUM(OPEN,5)* SUM(RET,5))- DELAY((SUM(OPEN,5)* SUM(RET,5)),10))))",
38,"(((SUM(HIGH,20)/ 20)< HIGH)?(-1 * DELTA(HIGH,2)): 0)","IF((((SUM(HIGH,20)/ 20)< HIGH), (-1 * DELTA(HIGH,2)), 0))",ternary->IF()
39,"((RANK(DECAYLINEAR(DELTA((CLOSE),2),8))- RANK(DECAYLINEAR(CORR(((VWAP* 0.3)+(OPEN* 0.7)),SUM(MEAN(VOLUME,180),37),14),12)))* -1)","((RANK(DECAY_LINEAR(DELTA((CLOSE),2),8))- RANK(DECAY_LINEAR(CORR(((VWAP* 0.3)+(OPEN* 0.7)),SUM(MEAN(VOLUME,180),37),14),12)))* -1)",alias:DECAYLINEAR->DECAY_LINEAR
40,"SUM((CLOSE>DELAY(CLOSE,1)?VOLUME:0),26)/SUM((CLOSE<=DELAY(CLOSE,1)?VOLUME:0),26)*100","IF(SUM((CLOSE>DELAY(CLOSE,1)?VOLUME:0),26)/SUM((CLOSE<=DELAY(CLOSE,1), VOLUME, 0),26)*100)",SYNTAX:invalid syntax;ternary->IF()
41,"(RANK(MAX(DELTA((VWAP),3),5))* -1)","(RANK(MAX(DELTA((VWAP),3),5))* -1)",
42,"((-1 * RANK(STD(HIGH,10)))* CORR(HIGH,VOLUME,10))","((-1 * RANK(STD(HIGH,10)))* CORR(HIGH,VOLUME,10))",
43,"SUM((CLOSE>DELAY(CLOSE,1)?VOLUME:(CLOSE<DELAY(CLOSE,1)? -1*VOLUME:0)),6)","IF(SUM((CLOSE>DELAY(CLOSE,1)?VOLUME:(CLOSE<DELAY(CLOSE,1), -1*VOLUME, 0)),6))",SYNTAX:invalid syntax;ternary->IF()
44,"(TSRANK(DECAYLINEAR(CORR(((LOW)),MEAN(VOLUME,10),7),6),4)+ TSRANK(DECAYLINEAR(DELTA((VWAP),3),10),15))","(TSRANK(DECAY_LINEAR(CORR(((LOW)),MEAN(VOLUME,10),7),6),4)+ TSRANK(DECAY_LINEAR(DELTA((VWAP),3),10),15))",alias:DECAYLINEAR->DECAY_LINEAR
45,"(RANK(DELTA((((CLOSE* 0.6)+(OPEN*0.4))),1))* RANK(CORR(VWAP,MEAN(VOLUME,150),15)))","(RANK(DELTA((((CLOSE* 0.6)+(OPEN*0.4))),1))* RANK(CORR(VWAP,MEAN(VOLUME,150),15)))",
46,"(MEAN(CLOSE,3)+MEAN(CLOSE,6)+MEAN(CLOSE,12)+MEAN(CLOSE,24))/(4*CLOSE)","(MEAN(CLOSE,3)+MEAN(CLOSE,6)+MEAN(CLOSE,12)+MEAN(CLOSE,24))/(4*CLOSE)",
47,"SMA((TSMAX(HIGH,6)-CLOSE)/(TSMAX(HIGH,6)-TSMIN(LOW,6))*100,9,1)","SSMA((TSMAX(HIGH,6)-CLOSE)/(TSMAX(HIGH,6)-TSMIN(LOW,6))*100,9,1)",alias:MA(->SMA(
48,"(-1*((RANK(((SIGN((CLOSE- DELAY(CLOSE,1)))+ SIGN((DELAY(CLOSE,1)- DELAY(CLOSE,2))))+ SIGN((DELAY(CLOSE,2)- DELAY(CLOSE,3))))))* SUM(VOLUME,5))/ SUM(VOLUME,20))","(-1*((RANK(((SIGN((CLOSE- DELAY(CLOSE,1)))+ SIGN((DELAY(CLOSE,1)- DELAY(CLOSE,2))))+ SIGN((DELAY(CLOSE,2)- DELAY(CLOSE,3))))))* SUM(VOLUME,5))/ SUM(VOLUME,20))",
49,"SUM(((HIGH+LOW)>=(DELAY(HIGH,1)+DELAY(LOW,1))?0:MAX(ABS(HIGH-DELAY(HIGH,1)),ABS(LOW-DELAY(LOW,1)))),12)/(SUM(((HIGH+LOW)>=(DELAY(HIGH,1)+DELAY(LOW,1))?0:MAX(ABS(HIGH-DELAY(HIGH,1)),ABS(LOW-DELAY(LOW,1)))),12)+SUM(((HIGH+LOW)<=(DELAY(HIGH,1)+DELAY(LOW,1))?0:MAX(ABS(HIGH-DELAY(HIGH,1)),ABS(LOW-DELAY(LOW,1)))),12))","IF(SUM(((HIGH+LOW)>=(DELAY(HIGH,1)+DELAY(LOW,1))?0:MAX(ABS(HIGH-DELAY(HIGH,1)),ABS(LOW-DELAY(LOW,1)))),12)/(SUM(((HIGH+LOW)>=(DELAY(HIGH,1)+DELAY(LOW,1))?0:MAX(ABS(HIGH-DELAY(HIGH,1)),ABS(LOW-DELAY(LOW,1)))),12)+SUM(((HIGH+LOW)<=(DELAY(HIGH,1)+DELAY(LOW,1)), 0, MAX(ABS(HIGH-DELAY(HIGH,1)),ABS(LOW-DELAY(LOW,1)))),12)))",SYNTAX:invalid syntax;ternary->IF()
50,"SUM(((HIGH+LOW)<=(DELAY(HIGH,1)+DELAY(LOW,1))?0:MAX(ABS(HIGH-DELAY(HIGH,1)),ABS(LOW-DELAY(LOW,1)))),12)/(SUM(((HIGH+LOW)<=(DELAY(HIGH,1)+DELAY(LOW,1))?0:MAX(ABS(HIGH-DELAY(HIGH,1)),ABS(LOW-DELAY(LOW,1)))),12)+SUM(((HIGH+LOW)>=(DELAY(HIGH,1)+DELAY(LOW,1))?0:MAX(ABS(HIGH-DELAY(HIGH,1)),ABS(LOW-DELAY(LOW,1)))),12))-SUM(((HIGH+LOW)>=(DELAY(HIGH,1)+DELAY(LOW,1))?0:MAX(ABS(HIGH-DELAY(HIGH,1)),ABS(LOW-DELAY(LOW,1)))),12)/(SUM(((HIGH+LOW)>=(DELAY(HIGH,1)+DELAY(LOW,1))?0:MAX(ABS(HIGH-DELAY(HIGH,1)),ABS(LOW-DELAY(LOW,1)))),12)+SUM(((HIGH+LOW)<=(DELAY(HIGH,1)+DELAY(LOW,1))?0:MAX(ABS(HIGH-DELAY(HIGH,1)),ABS(LOW-DELAY(LOW,1)))),12))","IF(SUM(((HIGH+LOW)<=(DELAY(HIGH,1)+DELAY(LOW,1))?0:MAX(ABS(HIGH-DELAY(HIGH,1)),ABS(LOW-DELAY(LOW,1)))),12)/(SUM(((HIGH+LOW)<=(DELAY(HIGH,1)+DELAY(LOW,1))?0:MAX(ABS(HIGH-DELAY(HIGH,1)),ABS(LOW-DELAY(LOW,1)))),12)+SUM(((HIGH+LOW)>=(DELAY(HIGH,1)+DELAY(LOW,1))?0:MAX(ABS(HIGH-DELAY(HIGH,1)),ABS(LOW-DELAY(LOW,1)))),12))-SUM(((HIGH+LOW)>=(DELAY(HIGH,1)+DELAY(LOW,1))?0:MAX(ABS(HIGH-DELAY(HIGH,1)),ABS(LOW-DELAY(LOW,1)))),12)/(SUM(((HIGH+LOW)>=(DELAY(HIGH,1)+DELAY(LOW,1))?0:MAX(ABS(HIGH-DELAY(HIGH,1)),ABS(LOW-DELAY(LOW,1)))),12)+SUM(((HIGH+LOW)<=(DELAY(HIGH,1)+DELAY(LOW,1)), 0, MAX(ABS(HIGH-DELAY(HIGH,1)),ABS(LOW-DELAY(LOW,1)))),12)))",SYNTAX:invalid syntax;ternary->IF()
51,"SUM(((HIGH+LOW)<=(DELAY(HIGH,1)+DELAY(LOW,1))?0:MAX(ABS(HIGH-DELAY(HIGH,1)),ABS(LOW-DELAY(LOW,1)))),12)/(SUM(((HIGH+LOW)<=(DELAY(HIGH,1)+DELAY(LOW,1))?0:MAX(ABS(HIGH-DELAY(HIGH,1)),ABS(LOW-DELAY(LOW,1)))),12)+SUM(((HIGH+LOW)>=(DELAY(HIGH,1)+DELAY(LOW,1))?0:MAX(ABS(HIGH-DELAY(HIGH,1)),ABS(LOW-DELAY(LOW,1)))),12))","IF(SUM(((HIGH+LOW)<=(DELAY(HIGH,1)+DELAY(LOW,1))?0:MAX(ABS(HIGH-DELAY(HIGH,1)),ABS(LOW-DELAY(LOW,1)))),12)/(SUM(((HIGH+LOW)<=(DELAY(HIGH,1)+DELAY(LOW,1))?0:MAX(ABS(HIGH-DELAY(HIGH,1)),ABS(LOW-DELAY(LOW,1)))),12)+SUM(((HIGH+LOW)>=(DELAY(HIGH,1)+DELAY(LOW,1)), 0, MAX(ABS(HIGH-DELAY(HIGH,1)),ABS(LOW-DELAY(LOW,1)))),12)))",SYNTAX:invalid syntax;ternary->IF()
52,"SUM(MAX(0,HIGH-DELAY((HIGH+LOW+CLOSE)/3,1)),26)/SUM(MAX(0,DELAY((HIGH+LOW+CLOSE)/3,1)-L),26)*100","SUM(MAX(0,HIGH-DELAY((HIGH+LOW+CLOSE)/3,1)),26)/SUM(MAX(0,DELAY((HIGH+LOW+CLOSE)/3,1)-L),26)*100",
53,"COUNT(CLOSE>DELAY(CLOSE,1),12)/12*100","COUNT(CLOSE>DELAY(CLOSE,1),12)/12*100",
54,"(-1 * RANK((STD(ABS(CLOSE- OPEN))+(CLOSE- OPEN))+ CORR(CLOSE,OPEN,10)))","(-1 * RANK((STD(ABS(CLOSE- OPEN))+(CLOSE- OPEN))+ CORR(CLOSE,OPEN,10)))",maybe-missing-comma
55,"SUM(16*(CLOSE-DELAY(CLOSE,1)+(CLOSE-OPEN)/2+DELAY(CLOSE,1)-DELAY(OPEN,1))/((ABS(HIGH-DELAY(CLOSE,1))>ABS(LOW-DELAY(CLOSE,1))& ABS(HIGH-DELAY(CLOSE,1))>ABS(HIGH-DELAY(LOW,1))?ABS(HIGH-DELAY(CLOSE,1))+ABS(LOW-DELAY(CLOSE,1))/2+ABS(DELAY(CLOSE,1)-DELAY(OPEN,1))/4:(ABS(LOW-DELAY(CLOSE,1))>ABS(HIGH-DELAY(LOW,1))& ABS(LOW-DELAY(CLOSE,1))>ABS(HIGH-DELAY(CLOSE,1))?ABS(LOW-DELAY(CLOSE,1))+ABS(HIGH-DELAY(CLOSE,1))/2+ABS(DELAY(CLOSE,1)-DELAY(OPEN,1))/4:ABS(HIGH-DELAY(LOW,1))+ABS(DELAY(CLOSE,1)-DELAY(OPEN,1))/4)))*MAX(ABS(HIGH-DELAY(CLOSE,1)),ABS(LOW-DELAY(CLOSE,1))),20)","IF(SUM(16*(CLOSE-DELAY(CLOSE,1)+(CLOSE-OPEN)/2+DELAY(CLOSE,1)-DELAY(OPEN,1))/((ABS(HIGH-DELAY(CLOSE,1))>ABS(LOW-DELAY(CLOSE,1))& ABS(HIGH-DELAY(CLOSE,1))>ABS(HIGH-DELAY(LOW,1))?ABS(HIGH-DELAY(CLOSE,1))+ABS(LOW-DELAY(CLOSE,1))/2+ABS(DELAY(CLOSE,1)-DELAY(OPEN,1))/4:(ABS(LOW-DELAY(CLOSE,1))>ABS(HIGH-DELAY(LOW,1))& ABS(LOW-DELAY(CLOSE,1))>ABS(HIGH-DELAY(CLOSE,1)), ABS(LOW-DELAY(CLOSE,1))+ABS(HIGH-DELAY(CLOSE,1))/2+ABS(DELAY(CLOSE,1)-DELAY(OPEN,1))/4, ABS(HIGH-DELAY(LOW,1))+ABS(DELAY(CLOSE,1)-DELAY(OPEN,1))/4)))*MAX(ABS(HIGH-DELAY(CLOSE,1)),ABS(LOW-DELAY(CLOSE,1))),20))",SYNTAX:invalid syntax;ternary->IF()
56,"(RANK((OPEN- TSMIN(OPEN,12)))< RANK((RANK(CORR(SUM(((HIGH+ LOW)/ 2),19),SUM(MEAN(VOLUME,40),19),13))^5)))","(RANK((OPEN- TSMIN(OPEN,12)))< RANK((RANK(CORR(SUM(((HIGH+ LOW)/ 2),19),SUM(MEAN(VOLUME,40),19),13))**5)))",pow:^->**
57,"SMA((CLOSE-TSMIN(LOW,9))/(TSMAX(HIGH,9)-TSMIN(LOW,9))*100,3,1)","SSMA((CLOSE-TSMIN(LOW,9))/(TSMAX(HIGH,9)-TSMIN(LOW,9))*100,3,1)",alias:MA(->SMA(
58,"COUNT(CLOSE>DELAY(CLOSE,1),20)/20*100","COUNT(CLOSE>DELAY(CLOSE,1),20)/20*100",
59,"SUM((CLOSE=DELAY(CLOSE,1)?0:CLOSE-(CLOSE>DELAY(CLOSE,1)?MIN(LOW,DELAY(CLOSE,1)):MAX(HIGH,DELAY(CLOSE,1)))),20)","IF(SUM((CLOSE==DELAY(CLOSE,1)?0:CLOSE-(CLOSE>DELAY(CLOSE,1), MIN(LOW,DELAY(CLOSE,1)), MAX(HIGH,DELAY(CLOSE,1)))),20))",SYNTAX:invalid syntax;cmp:=->==;ternary->IF()
60,"SUM(((CLOSE-LOW)-(HIGH-CLOSE))/(HIGH-LOW)*VOLUME,20)","SUM(((CLOSE-LOW)-(HIGH-CLOSE))/(HIGH-LOW)*VOLUME,20)",
61,"(MAX(RANK(DECAYLINEAR(DELTA(VWAP,1),12)),RANK(DECAYLINEAR(RANK(CORR((LOW),MEAN(VOLUME,80),8)),17)))* -1)","(MAX(RANK(DECAY_LINEAR(DELTA(VWAP,1),12)),RANK(DECAY_LINEAR(RANK(CORR((LOW),MEAN(VOLUME,80),8)),17)))* -1)",alias:DECAYLINEAR->DECAY_LINEAR
62,"(-1 * CORR(HIGH,RANK(VOLUME),5))","(-1 * CORR(HIGH,RANK(VOLUME),5))",
63,"SMA(MAX(CLOSE-DELAY(CLOSE,1),0),6,1)/SMA(ABS(CLOSE-DELAY(CLOSE,1)),6,1)*100","SSMA(MAX(CLOSE-DELAY(CLOSE,1),0),6,1)/SSMA(ABS(CLOSE-DELAY(CLOSE,1)),6,1)*100",alias:MA(->SMA(
64,"(MAX(RANK(DECAYLINEAR(CORR(RANK(VWAP),RANK(VOLUME),4),4)),RANK(DECAYLINEAR(MAX(CORR(RANK(CLOSE),RANK(MEAN(VOLUME,60)),4),13),14)))* -1)","(MAX(RANK(DECAY_LINEAR(CORR(RANK(VWAP),RANK(VOLUME),4),4)),RANK(DECAY_LINEAR(MAX(CORR(RANK(CLOSE),RANK(MEAN(VOLUME,60)),4),13),14)))* -1)",alias:DECAYLINEAR->DECAY_LINEAR
65,"MEAN(CLOSE,6)/CLOSE","MEAN(CLOSE,6)/CLOSE",
66,"(CLOSE-MEAN(CLOSE,6))/MEAN(CLOSE,6)*100","(CLOSE-MEAN(CLOSE,6))/MEAN(CLOSE,6)*100",
67,"SMA(MAX(CLOSE-DELAY(CLOSE,1),0),24,1)/SMA(ABS(CLOSE-DELAY(CLOSE,1)),24,1)*100","SSMA(MAX(CLOSE-DELAY(CLOSE,1),0),24,1)/SSMA(ABS(CLOSE-DELAY(CLOSE,1)),24,1)*100",alias:MA(->SMA(
68,"SMA(((HIGH+LOW)/2 -(DELAY(HIGH,1)+DELAY(LOW,1))/2)*(HIGH-LOW)/VOLUME,15,2)","SSMA(((HIGH+LOW)/2 -(DELAY(HIGH,1)+DELAY(LOW,1))/2)*(HIGH-LOW)/VOLUME,15,2)",alias:MA(->SMA(
69,"(SUM(DTM,20)>SUM(DBM,20)?(SUM(DTM,20)-SUM(DBM,20))/SUM(DTM,20):(SUM(DTM,20)=SUM(DBM,20)?0:(SUM(DTM,20)-SUM(DBM,20))/SUM(DBM,20)))","IF((SUM(DTM,20)>SUM(DBM,20)?(SUM(DTM,20)-SUM(DBM,20))/SUM(DTM,20):(SUM(DTM,20)==SUM(DBM,20), 0, (SUM(DTM,20)-SUM(DBM,20))/SUM(DBM,20))))",SYNTAX:invalid syntax;cmp:=->==;ternary->IF()
70,"STD(AMOUNT,6)","STD(AMOUNT,6)",
71,"(CLOSE-MEAN(CLOSE,24))/MEAN(CLOSE,24)*100","(CLOSE-MEAN(CLOSE,24))/MEAN(CLOSE,24)*100",
72,"SMA((TSMAX(HIGH,6)-CLOSE)/(TSMAX(HIGH,6)-TSMIN(LOW,6))*100,15,1)","SSMA((TSMAX(HIGH,6)-CLOSE)/(TSMAX(HIGH,6)-TSMIN(LOW,6))*100,15,1)",alias:MA(->SMA(
73,"((TSRANK(DECAYLINEAR(DECAYLINEAR(CORR((CLOSE),VOLUME,10),16),4),5)- RANK(DECAYLINEAR(CORR(VWAP,MEAN(VOLUME,30),4),3)))* -1)","((TSRANK(DECAY_LINEAR(DECAY_LINEAR(CORR((CLOSE),VOLUME,10),16),4),5)- RANK(DECAY_LINEAR(CORR(VWAP,MEAN(VOLUME,30),4),3)))* -1)",alias:DECAYLINEAR->DECAY_LINEAR
74,"(RANK(CORR(SUM(((LOW* 0.35)+(VWAP* 0.65)),20),SUM(MEAN(VOLUME,40),20),7))+ RANK(CORR(RANK(VWAP),RANK(VOLUME),6)))","(RANK(CORR(SUM(((LOW* 0.35)+(VWAP* 0.65)),20),SUM(MEAN(VOLUME,40),20),7))+ RANK(CORR(RANK(VWAP),RANK(VOLUME),6)))",
75,"COUNT(CLOSE>OPEN& BANCHMARKINDEXCLOSE<BANCHMARKINDEXOPEN,50)/COUNT(BANCHMARKINDEXCLOSE<BANCHMARKINDEXOPEN,50)","COUNT(CLOSE>OPEN& BENCHMARKINDEXCLOSE<BENCHMARKINDEXOPEN,50)/COUNT(BENCHMARKINDEXCLOSE<BENCHMARKINDEXOPEN,50)",alias:BANCHMARKINDEX->BENCHMARKINDEX
76,"STD(ABS((CLOSE/DELAY(CLOSE,1)-1))/VOLUME,20)/MEAN(ABS((CLOSE/DELAY(CLOSE,1)-1))/VOLUME,20)","STD(ABS((CLOSE/DELAY(CLOSE,1)-1))/VOLUME,20)/MEAN(ABS((CLOSE/DELAY(CLOSE,1)-1))/VOLUME,20)",
77,"MIN(RANK(DECAYLINEAR(((((HIGH+ LOW)/ 2)+ HIGH)-(VWAP+ HIGH)),20)),RANK(DECAYLINEAR(CORR(((HIGH+ LOW)/ 2),MEAN(VOLUME,40),3),6)))","MIN(RANK(DECAY_LINEAR(((((HIGH+ LOW)/ 2)+ HIGH)-(VWAP+ HIGH)),20)),RANK(DECAY_LINEAR(CORR(((HIGH+ LOW)/ 2),MEAN(VOLUME,40),3),6)))",alias:DECAYLINEAR->DECAY_LINEAR
78,"((HIGH+LOW+CLOSE)/3 -MA((HIGH+LOW+CLOSE)/3,12))/(0.015*MEAN(ABS(CLOSE-MEAN((HIGH+LOW+CLOSE)/3,12)),12))","((HIGH+LOW+CLOSE)/3 -SMA((HIGH+LOW+CLOSE)/3,12))/(0.015*MEAN(ABS(CLOSE-MEAN((HIGH+LOW+CLOSE)/3,12)),12))",alias:MA(->SMA(;SMA3
79,"SMA(MAX(CLOSE-DELAY(CLOSE,1),0),12,1)/SMA(ABS(CLOSE-DELAY(CLOSE,1)),12,1)*100","SSMA(MAX(CLOSE-DELAY(CLOSE,1),0),12,1)/SSMA(ABS(CLOSE-DELAY(CLOSE,1)),12,1)*100",alias:MA(->SMA(
80,"(VOLUME-DELAY(VOLUME,5))/DELAY(VOLUME,5)*100","(VOLUME-DELAY(VOLUME,5))/DELAY(VOLUME,5)*100",
81,"SMA(VOLUME,21,2)","SSMA(VOLUME,21,2)",alias:MA(->SMA(
82,"SMA((TSMAX(HIGH,6)-CLOSE)/(TSMAX(HIGH,6)-TSMIN(LOW,6))*100,20,1)","SSMA((TSMAX(HIGH,6)-CLOSE)/(TSMAX(HIGH,6)-TSMIN(LOW,6))*100,20,1)",alias:MA(->SMA(
83,"(-1 * RANK(COVIANCE(RANK(HIGH),RANK(VOLUME),5)))","(-1 * RANK(COV(RANK(HIGH),RANK(VOLUME),5)))",alias:COVIANCE->COV
84,"SUM((CLOSE>DELAY(CLOSE,1)?VOLUME:(CLOSE<DELAY(CLOSE,1)? -1*VOLUME:0)),20)","IF(SUM((CLOSE>DELAY(CLOSE,1)?VOLUME:(CLOSE<DELAY(CLOSE,1), -1*VOLUME, 0)),20))",SYNTAX:invalid syntax;ternary->IF()
85,"(TSRANK((VOLUME/ MEAN(VOLUME,20)),20)* TSRANK((-1 * DELTA(CLOSE,7)),8))","(TSRANK((VOLUME/ MEAN(VOLUME,20)),20)* TSRANK((-1 * DELTA(CLOSE,7)),8))",
86,"((0.25 <(((DELAY(CLOSE,20)- DELAY(CLOSE,10))/ 10)-((DELAY(CLOSE,10)- CLOSE)/ 10)))?(-1 * 1):(((((DELAY(CLOSE,20)- DELAY(CLOSE,10))/ 10)-((DELAY(CLOSE,10)- CLOSE)/ 10))< 0)? 1 :((-1 * 1)*(CLOSE- DELAY(CLOSE,1)))))","IF(((0.25 <(((DELAY(CLOSE,20)- DELAY(CLOSE,10))/ 10)-((DELAY(CLOSE,10)- CLOSE)/ 10)))?(-1 * 1):(((((DELAY(CLOSE,20)- DELAY(CLOSE,10))/ 10)-((DELAY(CLOSE,10)- CLOSE)/ 10))< 0), 1, ((-1 * 1)*(CLOSE- DELAY(CLOSE,1))))))",SYNTAX:invalid syntax;ternary->IF()
87,"((RANK(DECAYLINEAR(DELTA(VWAP,4),7))+ TSRANK(DECAYLINEAR(((((LOW* 0.9)+(LOW* 0.1))- VWAP)/(OPEN-((HIGH+ LOW)/ 2))),11),7))* -1)","((RANK(DECAY_LINEAR(DELTA(VWAP,4),7))+ TSRANK(DECAY_LINEAR(((((LOW* 0.9)+(LOW* 0.1))- VWAP)/(OPEN-((HIGH+ LOW)/ 2))),11),7))* -1)",alias:DECAYLINEAR->DECAY_LINEAR
88,"(CLOSE-DELAY(CLOSE,20))/DELAY(CLOSE,20)*100","(CLOSE-DELAY(CLOSE,20))/DELAY(CLOSE,20)*100",
89,"2*(SMA(CLOSE,13,2)-SMA(CLOSE,27,2)-SMA(SMA(CLOSE,13,2)-SMA(CLOSE,27,2),10,2))","2*(SSMA(CLOSE,13,2)-SSMA(CLOSE,27,2)-SSMA(SSMA(CLOSE,13,2)-SSMA(CLOSE,27,2),10,2))",alias:MA(->SMA(
90,"(RANK(CORR(RANK(VWAP),RANK(VOLUME),5))* -1)","(RANK(CORR(RANK(VWAP),RANK(VOLUME),5))* -1)",
91,"((RANK((CLOSE- MAX(CLOSE,5)))*RANK(CORR((MEAN(VOLUME,40)),LOW,5)))* -1)","((RANK((CLOSE- MAX(CLOSE,5)))*RANK(CORR((MEAN(VOLUME,40)),LOW,5)))* -1)",
92,"(MAX(RANK(DECAYLINEAR(DELTA(((CLOSE* 0.35)+(VWAP*0.65)),2),3)),TSRANK(DECAYLINEAR(ABS(CORR((MEAN(VOLUME,180)),CLOSE,13)),5),15))* -1)","(MAX(RANK(DECAY_LINEAR(DELTA(((CLOSE* 0.35)+(VWAP*0.65)),2),3)),TSRANK(DECAY_LINEAR(ABS(CORR((MEAN(VOLUME,180)),CLOSE,13)),5),15))* -1)",alias:DECAYLINEAR->DECAY_LINEAR
93,"SUM((OPEN>=DELAY(OPEN,1)?0:MAX((OPEN-LOW),(OPEN-DELAY(OPEN,1)))),20)","IF(SUM((OPEN>=DELAY(OPEN,1), 0, MAX((OPEN-LOW),(OPEN-DELAY(OPEN,1)))),20))",ternary->IF()
94,"SUM((CLOSE>DELAY(CLOSE,1)?VOLUME:(CLOSE<DELAY(CLOSE,1)? -VOLUME:0)),30)","IF(SUM((CLOSE>DELAY(CLOSE,1)?VOLUME:(CLOSE<DELAY(CLOSE,1), -VOLUME, 0)),30))",SYNTAX:invalid syntax;ternary->IF()
95,"STD(AMOUNT,20)","STD(AMOUNT,20)",
96,"SMA(SMA((CLOSE-TSMIN(LOW,9))/(TSMAX(HIGH,9)-TSMIN(LOW,9))*100,3,1),3,1)","SSMA(SSMA((CLOSE-TSMIN(LOW,9))/(TSMAX(HIGH,9)-TSMIN(LOW,9))*100,3,1),3,1)",alias:MA(->SMA(
97,"STD(VOLUME,10)","STD(VOLUME,10)",
98,"((((DELTA((SUM(CLOSE,100)/ 100),100)/ DELAY(CLOSE,100))< 0.05)||((DELTA((SUM(CLOSE,100)/ 100),100)/ DELAY(CLOSE,100))== 0.05))?(-1 *(CLOSE- TSMIN(CLOSE,100))):(-1 * DELTA(CLOSE,3)))","IF(((((DELTA((SUM(CLOSE,100)/ 100),100)/ DELAY(CLOSE,100))< 0.05)|((DELTA((SUM(CLOSE,100)/ 100),100)/ DELAY(CLOSE,100))== 0.05)), (-1 *(CLOSE- TSMIN(CLOSE,100))), (-1 * DELTA(CLOSE,3))))",ternary->IF()
99,"(-1 * RANK(COVIANCE(RANK(CLOSE),RANK(VOLUME),5)))","(-1 * RANK(COV(RANK(CLOSE),RANK(VOLUME),5)))",alias:COVIANCE->COV
100,"STD(VOLUME,20)","STD(VOLUME,20)",
101,"((RANK(CORR(CLOSE,SUM(MEAN(VOLUME,30),37),15))< RANK(CORR(RANK(((HIGH* 0.1)+(VWAP* 0.9))),RANK(VOLUME),11)))* -1)","((RANK(CORR(CLOSE,SUM(MEAN(VOLUME,30),37),15))< RANK(CORR(RANK(((HIGH* 0.1)+(VWAP* 0.9))),RANK(VOLUME),11)))* -1)",
102,"SMA(MAX(VOLUME-DELAY(VOLUME,1),0),6,1)/SMA(ABS(VOLUME-DELAY(VOLUME,1)),6,1)*100","SSMA(MAX(VOLUME-DELAY(VOLUME,1),0),6,1)/SSMA(ABS(VOLUME-DELAY(VOLUME,1)),6,1)*100",alias:MA(->SMA(
103,"((20-LOWDAY(LOW,20))/20)*100","((20-LOWDAY(LOW,20))/20)*100",
104,"(-1 *(DELTA(CORR(HIGH,VOLUME,5),5)* RANK(STD(CLOSE,20))))","(-1 *(DELTA(CORR(HIGH,VOLUME,5),5)* RANK(STD(CLOSE,20))))",
105,"(-1 * CORR(RANK(OPEN),RANK(VOLUME),10))","(-1 * CORR(RANK(OPEN),RANK(VOLUME),10))",
106,"CLOSE-DELAY(CLOSE,20)","CLOSE-DELAY(CLOSE,20)",
107,"(((-1 * RANK((OPEN- DELAY(HIGH,1))))* RANK((OPEN- DELAY(CLOSE,1))))* RANK((OPEN- DELAY(LOW,1))))","(((-1 * RANK((OPEN- DELAY(HIGH,1))))* RANK((OPEN- DELAY(CLOSE,1))))* RANK((OPEN- DELAY(LOW,1))))",
108,"((RANK((HIGH- MIN(HIGH,2)))^RANK(CORR((VWAP),(MEAN(VOLUME,120)),6)))* -1)","((RANK((HIGH- MIN(HIGH,2)))**RANK(CORR((VWAP),(MEAN(VOLUME,120)),6)))* -1)",pow:^->**
109,"SMA(HIGH-LOW,10,2)/SMA(SMA(HIGH-LOW,10,2),10,2)","SSMA(HIGH-LOW,10,2)/SSMA(SSMA(HIGH-LOW,10,2),10,2)",alias:MA(->SMA(
110,"SUM(MAX(0,HIGH-DELAY(CLOSE,1)),20)/SUM(MAX(0,DELAY(CLOSE,1)-LOW),20)*100","SUM(MAX(0,HIGH-DELAY(CLOSE,1)),20)/SUM(MAX(0,DELAY(CLOSE,1)-LOW),20)*100",
111,"SMA(VOL*((CLOSE-LOW)-(HIGH-CLOSE))/(HIGH-LOW),11,2)-SMA(VOL*((CLOSE-LOW)-(HIGH-CLOSE))/(HIGH-LOW),4,2)","SSMA(VOL*((CLOSE-LOW)-(HIGH-CLOSE))/(HIGH-LOW),11,2)-SSMA(VOL*((CLOSE-LOW)-(HIGH-CLOSE))/(HIGH-LOW),4,2)",alias:MA(->SMA(
112,"(SUM((CLOSE-DELAY(CLOSE,1)>0?CLOSE-DELAY(CLOSE,1):0),12)-SUM((CLOSE-DELAY(CLOSE,1)<0?ABS(CLOSE-DELAY(CLOSE,1)):0),12))/(SUM((CLOSE-DELAY(CLOSE,1)>0?CLOSE-DELAY(CLOSE,1):0),12)+SUM((CLOSE-DELAY(CLOSE,1)<0?ABS(CLOSE-DELAY(CLOSE,1)):0),12))*100","IF((SUM((CLOSE-DELAY(CLOSE,1)>0?CLOSE-DELAY(CLOSE,1):0),12)-SUM((CLOSE-DELAY(CLOSE,1)<0?ABS(CLOSE-DELAY(CLOSE,1)):0),12))/(SUM((CLOSE-DELAY(CLOSE,1)>0?CLOSE-DELAY(CLOSE,1):0),12)+SUM((CLOSE-DELAY(CLOSE,1)<0, ABS(CLOSE-DELAY(CLOSE,1)), 0),12))*100)",SYNTAX:invalid syntax;ternary->IF()
113,"(-1 *((RANK((SUM(DELAY(CLOSE,5),20)/ 20))* CORR(CLOSE,VOLUME,2))* RANK(CORR(SUM(CLOSE,5),SUM(CLOSE,20),2))))","(-1 *((RANK((SUM(DELAY(CLOSE,5),20)/ 20))* CORR(CLOSE,VOLUME,2))* RANK(CORR(SUM(CLOSE,5),SUM(CLOSE,20),2))))",
114,"((RANK(DELAY(((HIGH- LOW)/(SUM(CLOSE,5)/ 5)),2))* RANK(RANK(VOLUME)))/(((HIGH- LOW)/(SUM(CLOSE,5)/ 5))/(VWAP- CLOSE)))","((RANK(DELAY(((HIGH- LOW)/(SUM(CLOSE,5)/ 5)),2))* RANK(RANK(VOLUME)))/(((HIGH- LOW)/(SUM(CLOSE,5)/ 5))/(VWAP- CLOSE)))",
115,"(RANK(CORR(((HIGH* 0.9)+(CLOSE* 0.1)),MEAN(VOLUME,30),10))^RANK(CORR(TSRANK(((HIGH+ LOW)/ 2),4),TSRANK(VOLUME,10),7)))","(RANK(CORR(((HIGH* 0.9)+(CLOSE* 0.1)),MEAN(VOLUME,30),10))**RANK(CORR(TSRANK(((HIGH+ LOW)/ 2),4),TSRANK(VOLUME,10),7)))",pow:^->**
116,"REGBETA(CLOSE,SEQUENCE,20)","REGBETA(CLOSE,SEQUENCE,20)",
117,"((TSRANK(VOLUME,32)*(1 - TSRANK(((CLOSE+ HIGH)- LOW),16)))*(1 - TSRANK(RET,32)))","((TSRANK(VOLUME,32)*(1 - TSRANK(((CLOSE+ HIGH)- LOW),16)))*(1 - TSRANK(RET,32)))",
118,"SUM(HIGH-OPEN,20)/SUM(OPEN-LOW,20)*100","SUM(HIGH-OPEN,20)/SUM(OPEN-LOW,20)*100",
119,"(RANK(DECAYLINEAR(CORR(VWAP,SUM(MEAN(VOLUME,5),26),5),7))- RANK(DECAYLINEAR(TSRANK(MIN(CORR(RANK(OPEN),RANK(MEAN(VOLUME,15)),21),9),7),8)))","(RANK(DECAY_LINEAR(CORR(VWAP,SUM(MEAN(VOLUME,5),26),5),7))- RANK(DECAY_LINEAR(TSRANK(MIN(CORR(RANK(OPEN),RANK(MEAN(VOLUME,15)),21),9),7),8)))",alias:DECAYLINEAR->DECAY_LINEAR
120,(RANK((VWAP- CLOSE))/ RANK((VWAP+ CLOSE))),(RANK((VWAP- CLOSE))/ RANK((VWAP+ CLOSE))),
121,"((RANK((VWAP- MIN(VWAP,12)))^TSRANK(CORR(TSRANK(VWAP,20),TSRANK(MEAN(VOLUME,60),2),18),3))* -1)","((RANK((VWAP- MIN(VWAP,12)))**TSRANK(CORR(TSRANK(VWAP,20),TSRANK(MEAN(VOLUME,60),2),18),3))* -1)",pow:^->**
122,"(SMA(SMA(SMA(LOG(CLOSE),13,2),13,2),13,2)-DELAY(SMA(SMA(SMA(LOG(CLOSE),13,2),13,2),13,2),1))/DELAY(SMA(SMA(SMA(LOG(CLOSE),13,2),13,2),13,2),1)","(SSMA(SSMA(SSMA(LOG(CLOSE),13,2),13,2),13,2)-DELAY(SSMA(SSMA(SSMA(LOG(CLOSE),13,2),13,2),13,2),1))/DELAY(SSMA(SSMA(SSMA(LOG(CLOSE),13,2),13,2),13,2),1)",alias:MA(->SMA(
123,"((RANK(CORR(SUM(((HIGH+ LOW)/ 2),20),SUM(MEAN(VOLUME,60),20),9))< RANK(CORR(LOW,VOLUME,6)))* -1)","((RANK(CORR(SUM(((HIGH+ LOW)/ 2),20),SUM(MEAN(VOLUME,60),20),9))< RANK(CORR(LOW,VOLUME,6)))* -1)",
124,"(CLOSE- VWAP)/ DECAYLINEAR(RANK(TSMAX(CLOSE,30)),2)","(CLOSE- VWAP)/ DECAY_LINEAR(RANK(TSMAX(CLOSE,30)),2)",alias:DECAYLINEAR->DECAY_LINEAR
125,"(RANK(DECAYLINEAR(CORR((VWAP),MEAN(VOLUME,80),17),20))/ RANK(DECAYLINEAR(DELTA(((CLOSE* 0.5)+(VWAP* 0.5)),3),16)))","(RANK(DECAY_LINEAR(CORR((VWAP),MEAN(VOLUME,80),17),20))/ RANK(DECAY_LINEAR(DELTA(((CLOSE* 0.5)+(VWAP* 0.5)),3),16)))",alias:DECAYLINEAR->DECAY_LINEAR
126,(CLOSE+HIGH+LOW)/3,(CLOSE+HIGH+LOW)/3,
128,"100-(100/(1+SUM(((HIGH+LOW+CLOSE)/3>DELAY((HIGH+LOW+CLOSE)/3,1)?(HIGH+LOW+CLOSE)/3*VOLUME:0),14)/SUM(((HIGH+LOW+CLOSE)/3<DELAY((HIGH+LOW+CLOSE)/3,1)?(HIGH+LOW+CLOSE)/3*VOLUME:0),14)))","IF(100-(100/(1+SUM(((HIGH+LOW+CLOSE)/3>DELAY((HIGH+LOW+CLOSE)/3,1)?(HIGH+LOW+CLOSE)/3*VOLUME:0),14)/SUM(((HIGH+LOW+CLOSE)/3<DELAY((HIGH+LOW+CLOSE)/3,1), (HIGH+LOW+CLOSE)/3*VOLUME, 0),14))))",SYNTAX:invalid syntax;ternary->IF()
129,"SUM((CLOSE-DELAY(CLOSE,1)<0?ABS(CLOSE-DELAY(CLOSE,1)):0),12)","IF(SUM((CLOSE-DELAY(CLOSE,1)<0, ABS(CLOSE-DELAY(CLOSE,1)), 0),12))",ternary->IF()
130,"(RANK(DECAYLINEAR(CORR(((HIGH+ LOW)/ 2),MEAN(VOLUME,40),9),10))/ RANK(DECAYLINEAR(CORR(RANK(VWAP),RANK(VOLUME),7),3)))","(RANK(DECAY_LINEAR(CORR(((HIGH+ LOW)/ 2),MEAN(VOLUME,40),9),10))/ RANK(DECAY_LINEAR(CORR(RANK(VWAP),RANK(VOLUME),7),3)))",alias:DECAYLINEAR->DECAY_LINEAR
131,"(RANK(DELTA(VWAP,1))^TSRANK(CORR(CLOSE,MEAN(VOLUME,50),18),18))","(RANK(DELTA(VWAP,1))**TSRANK(CORR(CLOSE,MEAN(VOLUME,50),18),18))",pow:^->**
132,"MEAN(AMOUNT,20)","MEAN(AMOUNT,20)",
133,"((20-HIGHDAY(HIGH,20))/20)*100 -((20-LOWDAY(LOW,20))/20)*100","((20-HIGHDAY(HIGH,20))/20)*100 -((20-LOWDAY(LOW,20))/20)*100",
134,"(CLOSE-DELAY(CLOSE,12))/DELAY(CLOSE,12)*VOLUME","(CLOSE-DELAY(CLOSE,12))/DELAY(CLOSE,12)*VOLUME",
135,"SMA(DELAY(CLOSE/DELAY(CLOSE,20),1),20,1)","SSMA(DELAY(CLOSE/DELAY(CLOSE,20),1),20,1)",alias:MA(->SMA(
136,"((-1 * RANK(DELTA(RET,3)))* CORR(OPEN,VOLUME,10))","((-1 * RANK(DELTA(RET,3)))* CORR(OPEN,VOLUME,10))",
137,"16*(CLOSE-DELAY(CLOSE,1)+(CLOSE-OPEN)/2+DELAY(CLOSE,1)-DELAY(OPEN,1))/((ABS(HIGH-DELAY(CLOSE,1))>ABS(LOW-DELAY(CLOSE,1))& ABS(HIGH-DELAY(CLOSE,1))>ABS(HIGH-DELAY(LOW,1))?ABS(HIGH-DELAY(CLOSE,1))+ABS(LOW-DELAY(CLOSE,1))/2+ABS(DELAY(CLOSE,1)-DELAY(OPEN,1))/4:(ABS(LOW-DELAY(CLOSE,1))>ABS(HIGH-DELAY(LOW,1))& ABS(LOW-DELAY(CLOSE,1))>ABS(HIGH-DELAY(CLOSE,1))?ABS(LOW-DELAY(CLOSE,1))+ABS(HIGH-DELAY(CLOSE,1))/2+ABS(DELAY(CLOSE,1)-DELAY(OPEN,1))/4:ABS(HIGH-DELAY(LOW,1))+ABS(DELAY(CLOSE,1)-DELAY(OPEN,1))/4)))*MAX(ABS(HIGH-DELAY(CLOSE,1)),ABS(LOW-DELAY(CLOSE,1)))","IF(16*(CLOSE-DELAY(CLOSE,1)+(CLOSE-OPEN)/2+DELAY(CLOSE,1)-DELAY(OPEN,1))/((ABS(HIGH-DELAY(CLOSE,1))>ABS(LOW-DELAY(CLOSE,1))& ABS(HIGH-DELAY(CLOSE,1))>ABS(HIGH-DELAY(LOW,1))?ABS(HIGH-DELAY(CLOSE,1))+ABS(LOW-DELAY(CLOSE,1))/2+ABS(DELAY(CLOSE,1)-DELAY(OPEN,1))/4:(ABS(LOW-DELAY(CLOSE,1))>ABS(HIGH-DELAY(LOW,1))& ABS(LOW-DELAY(CLOSE,1))>ABS(HIGH-DELAY(CLOSE,1)), ABS(LOW-DELAY(CLOSE,1))+ABS(HIGH-DELAY(CLOSE,1))/2+ABS(DELAY(CLOSE,1)-DELAY(OPEN,1))/4, ABS(HIGH-DELAY(LOW,1))+ABS(DELAY(CLOSE,1)-DELAY(OPEN,1))/4)))*MAX(ABS(HIGH-DELAY(CLOSE,1)),ABS(LOW-DELAY(CLOSE,1))))",SYNTAX:invalid syntax;ternary->IF()
138,"((RANK(DECAYLINEAR(DELTA((((LOW* 0.7)+(VWAP*0.3))),3),20))- TSRANK(DECAYLINEAR(TSRANK(CORR(TSRANK(LOW,8),TSRANK(MEAN(VOLUME,60),17),5),19),16),7))* -1)","((RANK(DECAY_LINEAR(DELTA((((LOW* 0.7)+(VWAP*0.3))),3),20))- TSRANK(DECAY_LINEAR(TSRANK(CORR(TSRANK(LOW,8),TSRANK(MEAN(VOLUME,60),17),5),19),16),7))* -1)",alias:DECAYLINEAR->DECAY_LINEAR
139,"(-1 * CORR(OPEN,VOLUME,10))","(-1 * CORR(OPEN,VOLUME,10))",
140,"MIN(RANK(DECAYLINEAR(((RANK(OPEN)+ RANK(LOW))-(RANK(HIGH)+ RANK(CLOSE))),8)),TSRANK(DECAYLINEAR(CORR(TSRANK(CLOSE,8),TSRANK(MEAN(VOLUME,60),20),8),7),3))","MIN(RANK(DECAY_LINEAR(((RANK(OPEN)+ RANK(LOW))-(RANK(HIGH)+ RANK(CLOSE))),8)),TSRANK(DECAY_LINEAR(CORR(TSRANK(CLOSE,8),TSRANK(MEAN(VOLUME,60),20),8),7),3))",alias:DECAYLINEAR->DECAY_LINEAR
141,"(RANK(CORR(RANK(HIGH),RANK(MEAN(VOLUME,15)),9))* -1)","(RANK(CORR(RANK(HIGH),RANK(MEAN(VOLUME,15)),9))* -1)",
142,"(((-1 * RANK(TSRANK(CLOSE,10)))* RANK(DELTA(DELTA(CLOSE,1),1)))* RANK(TSRANK((VOLUME/MEAN(VOLUME,20)),5)))","(((-1 * RANK(TSRANK(CLOSE,10)))* RANK(DELTA(DELTA(CLOSE,1),1)))* RANK(TSRANK((VOLUME/MEAN(VOLUME,20)),5)))",
143,"CLOSE>DELAY(CLOSE,1)?(CLOSE-DELAY(CLOSE,1))/DELAY(CLOSE,1)* SELF :SELF","IF(CLOSE>DELAY(CLOSE,1), (CLOSE-DELAY(CLOSE,1))/DELAY(CLOSE,1)* SELF, SELF)",ternary->IF()
144,"SUMIF(ABS(CLOSE/DELAY(CLOSE,1)-1)/AMOUNT,20,CLOSE<DELAY(CLOSE,1))/COUNT(CLOSE<DELAY(CLOSE,1),20)","SUMIF(ABS(CLOSE/DELAY(CLOSE,1)-1)/AMOUNT,20,CLOSE<DELAY(CLOSE,1))/COUNT(CLOSE<DELAY(CLOSE,1),20)",
145,"(MEAN(VOLUME,9)-MEAN(VOLUME,26))/MEAN(VOLUME,12)*100","(MEAN(VOLUME,9)-MEAN(VOLUME,26))/MEAN(VOLUME,12)*100",
147,"REGBETA(MEAN(CLOSE,12),SEQUENCE(12),12)","REGBETA(MEAN(CLOSE,12),SEQUENCE(12),12)",
148,"((RANK(CORR((OPEN),SUM(MEAN(VOLUME,60),9),6))< RANK((OPEN- TSMIN(OPEN,14))))* -1)","((RANK(CORR((OPEN),SUM(MEAN(VOLUME,60),9),6))< RANK((OPEN- TSMIN(OPEN,14))))* -1)",
149,"REGBETA(FILTER(CLOSE/DELAY(CLOSE,1)-1,BANCHMARKINDEXCLOSE<DELAY(BANCHMARKINDEXCLOSE,1)),FILTER(BANCHMARKINDEXCLOSE/DELAY(BANCHMARKINDEXCLOSE,1)-1,BANCHMARKINDEXCLOSE<DELAY(BANCHMARKINDEXCLOSE,1)),252)","REGBETA(FILTER(CLOSE/DELAY(CLOSE,1)-1,BENCHMARKINDEXCLOSE<DELAY(BENCHMARKINDEXCLOSE,1)),FILTER(BENCHMARKINDEXCLOSE/DELAY(BENCHMARKINDEXCLOSE,1)-1,BENCHMARKINDEXCLOSE<DELAY(BENCHMARKINDEXCLOSE,1)),252)",alias:BANCHMARKINDEX->BENCHMARKINDEX
150,(CLOSE+HIGH+LOW)/3*VOLUME,(CLOSE+HIGH+LOW)/3*VOLUME,
151,"SMA(CLOSE-DELAY(CLOSE,20),20,1)","SSMA(CLOSE-DELAY(CLOSE,20),20,1)",alias:MA(->SMA(
152,"SMA(MEAN(DELAY(SMA(DELAY(CLOSE/DELAY(CLOSE,9),1),9,1),1),12)-MEAN(DELAY(SMA(DELAY(CLOSE/DELAY(CLOSE,9),1),9,1),1),26),9,1)","SSMA(MEAN(DELAY(SSMA(DELAY(CLOSE/DELAY(CLOSE,9),1),9,1),1),12)-MEAN(DELAY(SSMA(DELAY(CLOSE/DELAY(CLOSE,9),1),9,1),1),26),9,1)",alias:MA(->SMA(
153,"(MEAN(CLOSE,3)+MEAN(CLOSE,6)+MEAN(CLOSE,12)+MEAN(CLOSE,24))/4","(MEAN(CLOSE,3)+MEAN(CLOSE,6)+MEAN(CLOSE,12)+MEAN(CLOSE,24))/4",
154,"(((VWAP- MIN(VWAP,16)))<(CORR(VWAP,MEAN(VOLUME,180),18)))","(((VWAP- MIN(VWAP,16)))<(CORR(VWAP,MEAN(VOLUME,180),18)))",
155,"SMA(VOLUME,13,2)-SMA(VOLUME,27,2)-SMA(SMA(VOLUME,13,2)-SMA(VOLUME,27,2),10,2)","SSMA(VOLUME,13,2)-SSMA(VOLUME,27,2)-SSMA(SSMA(VOLUME,13,2)-SSMA(VOLUME,27,2),10,2)",alias:MA(->SMA(
156,"(MAX(RANK(DECAYLINEAR(DELTA(VWAP,5),3)),RANK(DECAYLINEAR(((DELTA(((OPEN* 0.15)+(LOW*0.85)),2)/((OPEN* 0.15)+(LOW* 0.85)))* -1),3)))* -1)","(MAX(RANK(DECAY_LINEAR(DELTA(VWAP,5),3)),RANK(DECAY_LINEAR(((DELTA(((OPEN* 0.15)+(LOW*0.85)),2)/((OPEN* 0.15)+(LOW* 0.85)))* -1),3)))* -1)",alias:DECAYLINEAR->DECAY_LINEAR
157,"(MIN(PROD(RANK(RANK(LOG(SUM(TSMIN(RANK(RANK((-1 * RANK(DELTA((CLOSE- 1),5))))),2),1)))),1),5)+ TSRANK(DELAY((-1 * RET),6),5))","(MIN(PROD(RANK(RANK(LOG(SUM(TSMIN(RANK(RANK((-1 * RANK(DELTA((CLOSE- 1),5))))),2),1)))),1),5)+ TSRANK(DELAY((-1 * RET),6),5))",
158,"((HIGH-SMA(CLOSE,15,2))-(LOW-SMA(CLOSE,15,2)))/CLOSE","((HIGH-SSMA(CLOSE,15,2))-(LOW-SSMA(CLOSE,15,2)))/CLOSE",alias:MA(->SMA(
159,"((CLOSE-SUM(MIN(LOW,DELAY(CLOSE,1)),6))/SUM(MAX(HGIH,DELAY(CLOSE,1))-MIN(LOW,DELAY(CLOSE,1)),6)*12*24+(CLOSE-SUM(MIN(LOW,DELAY(CLOSE,1)),12))/SUM(MAX(HGIH,DELAY(CLOSE,1))-MIN(LOW,DELAY(CLOSE,1)),12)*6*24+(CLOSE-SUM(MIN(LOW,DELAY(CLOSE,1)),24))/SUM(MAX(HGIH,DELAY(CLOSE,1))-MIN(LOW,DELAY(CLOSE,1)),24)*6*24)*100/(6*12+6*24+12*24)","((CLOSE-SUM(MIN(LOW,DELAY(CLOSE,1)),6))/SUM(MAX(HIGH,DELAY(CLOSE,1))-MIN(LOW,DELAY(CLOSE,1)),6)*12*24+(CLOSE-SUM(MIN(LOW,DELAY(CLOSE,1)),12))/SUM(MAX(HIGH,DELAY(CLOSE,1))-MIN(LOW,DELAY(CLOSE,1)),12)*6*24+(CLOSE-SUM(MIN(LOW,DELAY(CLOSE,1)),24))/SUM(MAX(HIGH,DELAY(CLOSE,1))-MIN(LOW,DELAY(CLOSE,1)),24)*6*24)*100/(6*12+6*24+12*24)",alias:HGIH->HIGH
160,"SMA((CLOSE<=DELAY(CLOSE,1)?STD(CLOSE,20):0),20,1)","IF(SSMA((CLOSE<=DELAY(CLOSE,1), STD(CLOSE,20), 0),20,1))",alias:MA(->SMA(;ternary->IF()
161,"MEAN(MAX(MAX((HIGH-LOW),ABS(DELAY(CLOSE,1)-HIGH)),ABS(DELAY(CLOSE,1)-LOW)),12)","MEAN(MAX(MAX((HIGH-LOW),ABS(DELAY(CLOSE,1)-HIGH)),ABS(DELAY(CLOSE,1)-LOW)),12)",
162,"(SMA(MAX(CLOSE-DELAY(CLOSE,1),0),12,1)/SMA(ABS(CLOSE-DELAY(CLOSE,1)),12,1)*100 -MIN(SMA(MAX(CLOSE-DELAY(CLOSE,1),0),12,1)/SMA(ABS(CLOSE-DELAY(CLOSE,1)),12,1)*100,12))/(MAX(SMA(MAX(CLOSE-DELAY(CLOSE,1),0),12,1)/SMA(ABS(CLOSE-DELAY(CLOSE,1)),12,1)*100,12)-MIN(SMA(MAX(CLOSE-DELAY(CLOSE,1),0),12,1)/SMA(ABS(CLOSE-DELAY(CLOSE,1)),12,1)*100,12))","(SSMA(MAX(CLOSE-DELAY(CLOSE,1),0),12,1)/SSMA(ABS(CLOSE-DELAY(CLOSE,1)),12,1)*100 -MIN(SSMA(MAX(CLOSE-DELAY(CLOSE,1),0),12,1)/SSMA(ABS(CLOSE-DELAY(CLOSE,1)),12,1)*100,12))/(MAX(SSMA(MAX(CLOSE-DELAY(CLOSE,1),0),12,1)/SSMA(ABS(CLOSE-DELAY(CLOSE,1)),12,1)*100,12)-MIN(SSMA(MAX(CLOSE-DELAY(CLOSE,1),0),12,1)/SSMA(ABS(CLOSE-DELAY(CLOSE,1)),12,1)*100,12))",alias:MA(->SMA(
163,"RANK(((((-1 * RET)* MEAN(VOLUME,20))* VWAP)*(HIGH- CLOSE)))","RANK(((((-1 * RET)* MEAN(VOLUME,20))* VWAP)*(HIGH- CLOSE)))",
164,"SMA((((CLOSE>DELAY(CLOSE,1))?1/(CLOSE-DELAY(CLOSE,1)):1)-MIN(((CLOSE>DELAY(CLOSE,1))?1/(CLOSE-DELAY(CLOSE,1)):1),12))/(HIGH-LOW)*100,13,2)","IF(SSMA((((CLOSE>DELAY(CLOSE,1))?1/(CLOSE-DELAY(CLOSE,1)):1)-MIN(((CLOSE>DELAY(CLOSE,1)), 1/(CLOSE-DELAY(CLOSE,1)), 1),12))/(HIGH-LOW)*100,13,2))",SYNTAX:invalid syntax;alias:MA(->SMA(;ternary->IF()
166,"-20*(20-1)^1.5*SUM(CLOSE/DELAY(CLOSE,1)-1-MEAN(CLOSE/DELAY(CLOSE,1)-1,20),20)/((20 -1)*(20 -2)(SUM((CLOSE/DELAY(CLOSE,1),20)^2,20))^1.5)","-20*(20-1)**1.5*SUM(CLOSE/DELAY(CLOSE,1)-1-MEAN(CLOSE/DELAY(CLOSE,1)-1,20),20)/((20 -1)*(20 -2)(SUM((CLOSE/DELAY(CLOSE,1),20)**2,20))**1.5)",pow:^->**
167,"SUM((CLOSE-DELAY(CLOSE,1)>0?CLOSE-DELAY(CLOSE,1):0),12)","IF(SUM((CLOSE-DELAY(CLOSE,1)>0, CLOSE-DELAY(CLOSE,1), 0),12))",ternary->IF()
168,"(-1*VOLUME/MEAN(VOLUME,20))","(-1*VOLUME/MEAN(VOLUME,20))",
169,"SMA(MEAN(DELAY(SMA(CLOSE-DELAY(CLOSE,1),9,1),1),12)-MEAN(DELAY(SMA(CLOSE-DELAY(CLOSE,1),9,1),1),26),10,1)","SSMA(MEAN(DELAY(SSMA(CLOSE-DELAY(CLOSE,1),9,1),1),12)-MEAN(DELAY(SSMA(CLOSE-DELAY(CLOSE,1),9,1),1),26),10,1)",alias:MA(->SMA(
170,"((((RANK((1 / CLOSE))* VOLUME)/ MEAN(VOLUME,20))*((HIGH* RANK((HIGH- CLOSE)))/(SUM(HIGH,5)/ 5)))- RANK((VWAP- DELAY(VWAP,5))))","((((RANK((1 / CLOSE))* VOLUME)/ MEAN(VOLUME,20))*((HIGH* RANK((HIGH- CLOSE)))/(SUM(HIGH,5)/ 5)))- RANK((VWAP- DELAY(VWAP,5))))",
171,((-1 *((LOW- CLOSE)*(OPEN^5)))/((CLOSE- HIGH)*(CLOSE^5))),((-1 *((LOW- CLOSE)*(OPEN**5)))/((CLOSE- HIGH)*(CLOSE**5))),pow:^->**
172,"MEAN(ABS(SUM((LD>0 & LD>HD)?LD:0,14)*100/ SUM(TR,14)-SUM((HD>0 & HD>LD)?HD:0,14)*100/ SUM(TR,14))/(SUM((LD>0 & LD>HD)?LD:0,14)*100/ SUM(TR,14)+SUM((HD>0 & HD>LD)?HD:0,14)*100/ SUM(TR,14))*100,6)","IF(MEAN(ABS(SUM((LD>0 & LD>HD)?LD:0,14)*100/ SUM(TR,14)-SUM((HD>0 & HD>LD)?HD:0,14)*100/ SUM(TR,14))/(SUM((LD>0 & LD>HD)?LD:0,14)*100/ SUM(TR,14)+SUM((HD>0 & HD>LD), HD, 0,14)*100/ SUM(TR,14))*100,6))",SYNTAX:invalid syntax;ternary->IF()
173,"3*SMA(CLOSE,13,2)-2*SMA(SMA(CLOSE,13,2),13,2)+SMA(SMA(SMA(LOG(CLOSE),13,2),13,2),13,2)","3*SSMA(CLOSE,13,2)-2*SSMA(SSMA(CLOSE,13,2),13,2)+SSMA(SSMA(SSMA(LOG(CLOSE),13,2),13,2),13,2)",alias:MA(->SMA(
174,"SMA((CLOSE>DELAY(CLOSE,1)?STD(CLOSE,20):0),20,1)","IF(SSMA((CLOSE>DELAY(CLOSE,1), STD(CLOSE,20), 0),20,1))",alias:MA(->SMA(;ternary->IF()
175,"MEAN(MAX(MAX((HIGH-LOW),ABS(DELAY(CLOSE,1)-HIGH)),ABS(DELAY(CLOSE,1)-LOW)),6)","MEAN(MAX(MAX((HIGH-LOW),ABS(DELAY(CLOSE,1)-HIGH)),ABS(DELAY(CLOSE,1)-LOW)),6)",
176,"CORR(RANK(((CLOSE- TSMIN(LOW,12))/(TSMAX(HIGH,12)- TSMIN(LOW,12)))),RANK(VOLUME),6)","CORR(RANK(((CLOSE- TSMIN(LOW,12))/(TSMAX(HIGH,12)- TSMIN(LOW,12)))),RANK(VOLUME),6)",
177,"((20-HIGHDAY(HIGH,20))/20)*100","((20-HIGHDAY(HIGH,20))/20)*100",
178,"(CLOSE-DELAY(CLOSE,1))/DELAY(CLOSE,1)*VOLUME","(CLOSE-DELAY(CLOSE,1))/DELAY(CLOSE,1)*VOLUME",
179,"(RANK(CORR(VWAP,VOLUME,4))*RANK(CORR(RANK(LOW),RANK(MEAN(VOLUME,50)),12)))","(RANK(CORR(VWAP,VOLUME,4))*RANK(CORR(RANK(LOW),RANK(MEAN(VOLUME,50)),12)))",
180,"((MEAN(VOLUME,20)< VOLUME)?((-1 * TSRANK(ABS(DELTA(CLOSE,7)),60))* SIGN(DELTA(CLOSE,7)):(-1 * VOLUME)))","IF(((MEAN(VOLUME,20)< VOLUME), ((-1 * TSRANK(ABS(DELTA(CLOSE,7)),60))* SIGN(DELTA(CLOSE,7)), (-1 * VOLUME))))",ternary->IF()
182,"COUNT((CLOSE>OPEN& BANCHMARKINDEXCLOSE>BANCHMARKINDEXOPEN)OR(CLOSE<OPEN& BANCHMARKINDEXCLOSE<BANCHMARKINDEXOPEN),20)/20","COUNT((CLOSE>OPEN& BENCHMARKINDEXCLOSE>BENCHMARKINDEXOPEN)|(CLOSE<OPEN& BENCHMARKINDEXCLOSE<BENCHMARKINDEXOPEN),20)/20",alias:BANCHMARKINDEX->BENCHMARKINDEX;logic:OR->|
184,"(RANK(CORR(DELAY((OPEN- CLOSE),1),CLOSE,200))+ RANK((OPEN- CLOSE)))","(RANK(CORR(DELAY((OPEN- CLOSE),1),CLOSE,200))+ RANK((OPEN- CLOSE)))",
185,RANK((-1 *((1 -(OPEN/ CLOSE))^2))),RANK((-1 *((1 -(OPEN/ CLOSE))**2))),pow:^->**
186,"(MEAN(ABS(SUM((LD>0 & LD>HD)?LD:0,14)*100/ SUM(TR,14)-SUM((HD>0 & HD>LD)?HD:0,14)*100/ SUM(TR,14))/(SUM((LD>0 & LD>HD)?LD:0,14)*100/ SUM(TR,14)+SUM((HD>0 & HD>LD)?HD:0,14)*100/ SUM(TR,14))*100,6)+DELAY(MEAN(ABS(SUM((LD>0 & LD>HD)?LD:0,14)*100/ SUM(TR,14)-SUM((HD>0 & HD>LD)?HD:0,14)*100/ SUM(TR,14))/(SUM((LD>0 & LD> HD)?LD:0,14)*100/ SUM(TR,14)+SUM((HD>0 & HD>LD)?HD:0,14)*100/ SUM(TR,14))*100,6),6))/2","IF((MEAN(ABS(SUM((LD>0 & LD>HD)?LD:0,14)*100/ SUM(TR,14)-SUM((HD>0 & HD>LD)?HD:0,14)*100/ SUM(TR,14))/(SUM((LD>0 & LD>HD)?LD:0,14)*100/ SUM(TR,14)+SUM((HD>0 & HD>LD)?HD:0,14)*100/ SUM(TR,14))*100,6)+DELAY(MEAN(ABS(SUM((LD>0 & LD>HD)?LD:0,14)*100/ SUM(TR,14)-SUM((HD>0 & HD>LD)?HD:0,14)*100/ SUM(TR,14))/(SUM((LD>0 & LD> HD)?LD:0,14)*100/ SUM(TR,14)+SUM((HD>0 & HD>LD), HD, 0,14)*100/ SUM(TR,14))*100,6),6))/2)",SYNTAX:invalid syntax;ternary->IF()
187,"SUM((OPEN<=DELAY(OPEN,1)?0:MAX((HIGH-OPEN),(OPEN-DELAY(OPEN,1)))),20)","IF(SUM((OPEN<=DELAY(OPEN,1), 0, MAX((HIGH-OPEN),(OPEN-DELAY(OPEN,1)))),20))",ternary->IF()
188,"((HIGH-LOW-SMA(HIGH-LOW,11,2))/SMA(HIGH-LOW,11,2))*100","((HIGH-LOW-SSMA(HIGH-LOW,11,2))/SSMA(HIGH-LOW,11,2))*100",alias:MA(->SMA(
189,"MEAN(ABS(CLOSE-MEAN(CLOSE,6)),6)","MEAN(ABS(CLOSE-MEAN(CLOSE,6)),6)",
190,"LOG((COUNT(CLOSE/DELAY(CLOSE,1)-1>((CLOSE/DELAY(CLOSE,19))^(1/20)-1),20)-1)*(SUMIF(((CLOSE/DELAY(CLOSE,1)-1-(CLOSE/DELAY(CLOSE,19))^(1/20)-1))^2,20,CLOSE/DELAY(CLOSE,1)-1<(CLOSE/DELAY(CLOSE,19))^(1/20)-1))/((COUNT((CLOSE/DELAY(CLOSE,1)-1<(CLOSE/DELAY(CLOSE,19))^(1/20)-1),20))*(SUMIF((CLOSE/DELAY(CLOSE,1)-1-((CLOSE/DELAY(CLOSE,19))^(1/20)-1))^2,20,CLOSE/DELAY(CLOSE,1)-1>(CLOSE/DELAY(CLOSE,19))^(1/20)-1))))","LOG((COUNT(CLOSE/DELAY(CLOSE,1)-1>((CLOSE/DELAY(CLOSE,19))**(1/20)-1),20)-1)*(SUMIF(((CLOSE/DELAY(CLOSE,1)-1-(CLOSE/DELAY(CLOSE,19))**(1/20)-1))**2,20,CLOSE/DELAY(CLOSE,1)-1<(CLOSE/DELAY(CLOSE,19))**(1/20)-1))/((COUNT((CLOSE/DELAY(CLOSE,1)-1<(CLOSE/DELAY(CLOSE,19))**(1/20)-1),20))*(SUMIF((CLOSE/DELAY(CLOSE,1)-1-((CLOSE/DELAY(CLOSE,19))**(1/20)-1))**2,20,CLOSE/DELAY(CLOSE,1)-1>(CLOSE/DELAY(CLOSE,19))**(1/20)-1))))",pow:^->**
191,"((CORR(MEAN(VOLUME,20),LOW,5)+((HIGH+ LOW)/ 2))- CLOSE)","((CORR(MEAN(VOLUME,20),LOW,5)+((HIGH+ LOW)/ 2))- CLOSE)",
