date,f1,f2,f3,f4,f5,f6,f7,f8,f9,f10,f11,f12,f13,f14,f15,f16,f17,f18,f19,f20,f21,f22,f23,f24,f25,f26,f27,f28,f29,f30,f31,f32,f33,f34,f35,f36,f37,f38,f39,f40,f41,f42,f43,f44,f45,f46,f47,f48,f49,f50,f51,f52,f53,f54,f55,f56,f57,f58,f59,f60,f61,f62,f63,f64,f65,f66,f67,f68,f69,f70,f71,f72,f73,f74,f75,f76,f77,f78,f79,f80,f81,f82,f83,f84,f85,f86,f87,f88,f89,f90,f91,f92,f93,f94,f95,f96,f97,f98,f99,f100,f101,f102,f103,f104,f105,f106,f107,f108,f109,f110,f111,f112,f113,f114,f115,f116,f117,f118,f119,f120,f121,f122,f123,f124,f125,f126,f127,f128,f129,f130,f131,f132,f133,f134,f135,f136,f137,f138,f139,f140,f141,f142,f143,f144,f145,f146,f147,f148,f149,f150,f151,f152,f153,f154,f155,f156,f157,f158,f159,f160,f161,f162,f163,f164,f165,f166,f167,f168,f169,f170,f171,f172,f173,f174,f175,f176,f177,f178,f179,f180,f181,f182,f183,f184,f185,f186,f187,f188,f189,f190,f191
2022-12-22,0.0005286924285887,0.0009633165857482,-0.007192625456464,0.0031161531242265,0.0009254738175701,-0.0022795053297946,0.0049750944135014,5.375172527005365e-05,0.0008489174662694,,,,,,,,,,,,,,,,,,,,,,,,,,,,,,,,,,,,,,,,,,,,,,,,,,,,,,,,,,,,,,,,,,,,,,,,,,,,,,,,,,,,,,,,,,,,,,,,,,,,,,,,,,,,,,,,,,,,,,,,,,,,,,,,,,,,,,,,,,,,,,,,,,,,,,,,,,,,,,,,,,,,,,,,,,,,,,,,,,,,,,
2022-12-23,0.0016275653215674,0.0001735394234127,0.001634787477165,0.0034941193845197,-0.0001118113851341,-0.003776243061983,0.0022883015919301,-0.0026323130530924,-0.0004731141230066,,,,,,,,,,,,,,,,,,,,,,,,,,,,,,,,,,,,,,,,,,,,,,,,,,,,,,,,,,,,,,,,,,,,,,,,,,,,,,,,,,,,,,,,,,,,,,,,,,,,,,,,,,,,,,,,,,,,,,,,,,,,,,,,,,,,,,,,,,,,,,,,,,,,,,,,,,,,,,,,,,,,,,,,,,,,,,,,,,,,,,
2022-12-26,-0.0001376475316311,-0.0021308279652006,-0.0040001235395189,-0.0007508190953835,0.0019666560950174,-0.0031909390990124,0.0016203586728982,-0.0020161939578417,-0.000545391858827,,,,,,,,,,,,,,,,,,,,,,,,,,,,,,,,,,,,,,,,,,,,,,,,,,,,,,,,,,,,,,,,,,,,,,,,,,,,,,,,,,,,,,,,,,,,,,,,,,,,,,,,,,,,,,,,,,,,,,,,,,,,,,,,,,,,,,,,,,,,,,,,,,,,,,,,,,,,,,,,,,,,,,,,,,,,,,,,,,,,,,
2022-12-27,-0.0014086468886319,9.291816114783972e-05,-0.0011337293735143,0.0009341280537144,0.0018055171567193,-2.930773241434068e-05,-0.0005888975723301,-0.0015648684085786,0.0010547433807789,,,,,,,,,,,,,,,,,,,,,,,,,,,,,,,,,,,,,,,,,,,,,,,,,,,,,,,,,,,,,,,,,,,,,,,,,,,,,,,,,,,,,,,,,,,,,,,,,,,,,,,,,,,,,,,,,,,,,,,,,,,,,,,,,,,,,,,,,,,,,,,,,,,,,,,,,,,,,,,,,,,,,,,,,,,,,,,,,,,,,,
2022-12-28,-0.0007970690351398,0.0027737462307392,0.0004274065736274,0.0025248393844212,0.0025583441096225,-0.0030095152794397,0.0013903395900926,9.313444254338634e-05,-0.0012552119762684,,,,,,,,,,,,,,,,,,,,,,,,,,,,,,,,,,,,,,,,,,,,,,,,,,,,,,,,,,,,,,,,,,,,,,,,,,,,,,,,,,,,,,,,,,,,,,,,,,,,,,,,,,,,,,,,,,,,,,,,,,,,,,,,,,,,,,,,,,,,,,,,,,,,,,,,,,,,,,,,,,,,,,,,,,,,,,,,,,,,,,
2022-12-29,-0.0031614931228258,0.0021405677161176,-0.0036589690160109,-0.0011076023344522,0.0027294486525324,0.0017822092822328,-0.0002026164402852,0.001246171267304,-0.0038823233735904,,,,,,,,,,,,,,,,,,,,,,,,,,,,,,,,,,,,,,,,,,,,,,,,,,,,,,,,,,,,,,,,,,,,,,,,,,,,,,,,,,,,,,,,,,,,,,,,,,,,,,,,,,,,,,,,,,,,,,,,,,,,,,,,,,,,,,,,,,,,,,,,,,,,,,,,,,,,,,,,,,,,,,,,,,,,,,,,,,,,,,
2022-12-30,0.0003010233530558,0.0028055995319558,-0.0087694267304076,0.0016414876463069,0.0017752801074778,0.0023103068919818,0.0005986838995667,-0.0037772066211511,0.0021760095050215,,,,,,,,,,,,,,,,,,,,,,,,,,,,,,,,,,,,,,,,,,,,,,,,,,,,,,,,,,,,,,,,,,,,,,,,,,,,,,,,,,,,,,,,,,,,,,,,,,,,,,,,,,,,,,,,,,,,,,,,,,,,,,,,,,,,,,,,,,,,,,,,,,,,,,,,,,,,,,,,,,,,,,,,,,,,,,,,,,,,,,
2023-01-03,0.0006194861180559,0.0041946947322613,-0.0058089861601915,0.0032846214194057,0.0023902325628989,-0.0015076279156282,0.0029753563549434,0.0003185584875988,0.0029304441698518,,,,,,,,,,,,,,,,,,,,,,,,,,,,,,,,,,,,,,,,,,,,,,,,,,,,,,,,,,,,,,,,,,,,,,,,,,,,,,,,,,,,,,,,,,,,,,,,,,,,,,,,,,,,,,,,,,,,,,,,,,,,,,,,,,,,,,,,,,,,,,,,,,,,,,,,,,,,,,,,,,,,,,,,,,,,,,,,,,,,,,
2023-01-04,0.0001495867394506,-0.0032882433244338,-0.0055798599357111,0.0015973548913729,0.0005711157411398,-0.0009380742836052,0.0053392603976613,0.0033876785998199,0.0023621404474668,,,,,,,,,,,,,,,,,,,,,,,,,,,,,,,,,,,,,,,,,,,,,,,,,,,,,,,,,,,,,,,,,,,,,,,,,,,,,,,,,,,,,,,,,,,,,,,,,,,,,,,,,,,,,,,,,,,,,,,,,,,,,,,,,,,,,,,,,,,,,,,,,,,,,,,,,,,,,,,,,,,,,,,,,,,,,,,,,,,,,,
2023-01-05,1.0951450026478436e-05,-0.0022125786689091,0.0032729279863323,0.0013613617364863,-0.0007500819626929,0.0015618400675655,0.0037557245946483,0.0033585010442378,-0.0042172651833302,,,,,,,,,,,,,,,,,,,,,,,,,,,,,,,,,,,,,,,,,,,,,,,,,,,,,,,,,,,,,,,,,,,,,,,,,,,,,,,,,,,,,,,,,,,,,,,,,,,,,,,,,,,,,,,,,,,,,,,,,,,,,,,,,,,,,,,,,,,,,,,,,,,,,,,,,,,,,,,,,,,,,,,,,,,,,,,,,,,,,,
2023-01-06,0.0027854678649559,-0.0003758244083909,-0.0014107651349363,-0.0012073864505782,-0.0005568013246335,0.0028912013419884,-0.0007687205034057,-0.0055367047970853,-0.0024236350546577,,,,,,,,,,,,,,,,,,,,,,,,,,,,,,,,,,,,,,,,,,,,,,,,,,,,,,,,,,,,,,,,,,,,,,,,,,,,,,,,,,,,,,,,,,,,,,,,,,,,,,,,,,,,,,,,,,,,,,,,,,,,,,,,,,,,,,,,,,,,,,,,,,,,,,,,,,,,,,,,,,,,,,,,,,,,,,,,,,,,,,
2023-01-09,0.0016666030693258,-0.0005344551911451,-0.0005528097242077,0.0004021237573789,0.0007562464816591,-0.0022545610695215,-0.0014674629547301,-0.0024466814630221,-0.0014893901566097,,,,,,,,,,,,,,,,,,,,,,,,,,,,,,,,,,,,,,,,,,,,,,,,,,,,,,,,,,,,,,,,,,,,,,,,,,,,,,,,,,,,,,,,,,,,,,,,,,,,,,,,,,,,,,,,,,,,,,,,,,,,,,,,,,,,,,,,,,,,,,,,,,,,,,,,,,,,,,,,,,,,,,,,,,,,,,,,,,,,,,
2023-01-10,0.0013011380057256,0.0026769780396808,0.0071922034983303,-0.001235277888838,-0.0018132536441795,-0.0026607800793709,-0.0011456768276968,0.0049704365887313,-0.002639174184368,,,,,,,,,,,,,,,,,,,,,,,,,,,,,,,,,,,,,,,,,,,,,,,,,,,,,,,,,,,,,,,,,,,,,,,,,,,,,,,,,,,,,,,,,,,,,,,,,,,,,,,,,,,,,,,,,,,,,,,,,,,,,,,,,,,,,,,,,,,,,,,,,,,,,,,,,,,,,,,,,,,,,,,,,,,,,,,,,,,,,,
2023-01-11,0.0011094126676037,-0.0002230543931701,-0.0025044488623177,-0.0012950911835717,-0.0018281296157737,0.0005008046853983,0.0003743681486062,0.0001690478855137,0.0032257761615567,,,,,,,,,,,,,,,,,,,,,,,,,,,,,,,,,,,,,,,,,,,,,,,,,,,,,,,,,,,,,,,,,,,,,,,,,,,,,,,,,,,,,,,,,,,,,,,,,,,,,,,,,,,,,,,,,,,,,,,,,,,,,,,,,,,,,,,,,,,,,,,,,,,,,,,,,,,,,,,,,,,,,,,,,,,,,,,,,,,,,,
2023-01-12,0.0016902915244619,-0.0008964781128883,-0.0031020984931221,-0.0003136011905932,-0.0011051747026619,-0.0010783394458919,-0.0006845202120776,0.0011718683121724,-0.002531809226606,,,,,,,,,,,,,,,,,,,,,,,,,,,,,,,,,,,,,,,,,,,,,,,,,,,,,,,,,,,,,,,,,,,,,,,,,,,,,,,,,,,,,,,,,,,,,,,,,,,,,,,,,,,,,,,,,,,,,,,,,,,,,,,,,,,,,,,,,,,,,,,,,,,,,,,,,,,,,,,,,,,,,,,,,,,,,,,,,,,,,,
2023-01-13,0.0013559030622124,-0.0011772185093201,-0.0041826132445406,0.001363016668582,-0.000862252800971,-0.0004326781975292,-0.0013974335841041,-0.0027485468335752,-0.0004698711723918,,,,,,,,,,,,,,,,,,,,,,,,,,,,,,,,,,,,,,,,,,,,,,,,,,,,,,,,,,,,,,,,,,,,,,,,,,,,,,,,,,,,,,,,,,,,,,,,,,,,,,,,,,,,,,,,,,,,,,,,,,,,,,,,,,,,,,,,,,,,,,,,,,,,,,,,,,,,,,,,,,,,,,,,,,,,,,,,,,,,,,
2023-01-16,5.27497527554196e-05,-0.0001620045650975,0.0002600757969248,0.0004325557555264,-0.0013029846814074,-0.0013941602665144,-0.0015585622314278,-0.0038690268994023,-0.0025707367450977,,,,,,,,,,,,,,,,,,,,,,,,,,,,,,,,,,,,,,,,,,,,,,,,,,,,,,,,,,,,,,,,,,,,,,,,,,,,,,,,,,,,,,,,,,,,,,,,,,,,,,,,,,,,,,,,,,,,,,,,,,,,,,,,,,,,,,,,,,,,,,,,,,,,,,,,,,,,,,,,,,,,,,,,,,,,,,,,,,,,,,
2023-01-17,0.0004135940792908,-0.0012016570012137,0.0022040533389726,-3.461425438480149e-05,-0.0006949330194206,0.0001479026040904,-0.0008780321603438,-0.0003077612759604,-0.0027697923695168,,,,,,,,,,,,,,,,,,,,,,,,,,,,,,,,,,,,,,,,,,,,,,,,,,,,,,,,,,,,,,,,,,,,,,,,,,,,,,,,,,,,,,,,,,,,,,,,,,,,,,,,,,,,,,,,,,,,,,,,,,,,,,,,,,,,,,,,,,,,,,,,,,,,,,,,,,,,,,,,,,,,,,,,,,,,,,,,,,,,,,
2023-01-18,0.0018298215746083,0.0021537732063534,-0.0028637066084467,-0.0037300328194692,-0.0001505828425567,-0.0025477450979509,0.0012379419323062,0.003175000458398,-0.0022319652017033,,,,,,,,,,,,,,,,,,,,,,,,,,,,,,,,,,,,,,,,,,,,,,,,,,,,,,,,,,,,,,,,,,,,,,,,,,,,,,,,,,,,,,,,,,,,,,,,,,,,,,,,,,,,,,,,,,,,,,,,,,,,,,,,,,,,,,,,,,,,,,,,,,,,,,,,,,,,,,,,,,,,,,,,,,,,,,,,,,,,,,
2023-01-19,-0.0008854679071618,-0.0032245948970408,-0.001210850022231,0.0022803098857812,0.0004555555941387,-0.0031380302038329,-0.0017811065164016,0.0028307791046531,-0.0001016763501415,,,,,,,,,,,,,,,,,,,,,,,,,,,,,,,,,,,,,,,,,,,,,,,,,,,,,,,,,,,,,,,,,,,,,,,,,,,,,,,,,,,,,,,,,,,,,,,,,,,,,,,,,,,,,,,,,,,,,,,,,,,,,,,,,,,,,,,,,,,,,,,,,,,,,,,,,,,,,,,,,,,,,,,,,,,,,,,,,,,,,,
2023-01-20,0.0009264332558652,-0.0001071484314389,-0.0034162687646671,-0.0019254029991755,-0.0004499333013998,-0.0005918622995296,-0.0010011229943116,-0.0012291508176554,0.0008357699796518,,,,,,,,,,,,,,,,,,,,,,,,,,,,,,,,,,,,,,,,,,,,,,,,,,,,,,,,,,,,,,,,,,,,,,,,,,,,,,,,,,,,,,,,,,,,,,,,,,,,,,,,,,,,,,,,,,,,,,,,,,,,,,,,,,,,,,,,,,,,,,,,,,,,,,,,,,,,,,,,,,,,,,,,,,,,,,,,,,,,,,
2023-01-30,-0.0005093439986942,-0.0003721617176356,-0.007482928846888,0.0022128973622601,0.0013628657482644,-0.0014258721640466,-0.0015924969684994,-0.0044391580736861,-0.0019424580410338,,,,,,,,,,,,,,,,,,,,,,,,,,,,,,,,,,,,,,,,,,,,,,,,,,,,,,,,,,,,,,,,,,,,,,,,,,,,,,,,,,,,,,,,,,,,,,,,,,,,,,,,,,,,,,,,,,,,,,,,,,,,,,,,,,,,,,,,,,,,,,,,,,,,,,,,,,,,,,,,,,,,,,,,,,,,,,,,,,,,,,
2023-01-31,-0.0015117195958157,-0.0018570099003877,0.0020511206338206,0.0014060774038506,0.0032077595561963,-0.0021425712985901,-0.0003375860058603,0.0038184687224035,-0.0018270010648578,,,,,,,,,,,,,,,,,,,,,,,,,,,,,,,,,,,,,,,,,,,,,,,,,,,,,,,,,,,,,,,,,,,,,,,,,,,,,,,,,,,,,,,,,,,,,,,,,,,,,,,,,,,,,,,,,,,,,,,,,,,,,,,,,,,,,,,,,,,,,,,,,,,,,,,,,,,,,,,,,,,,,,,,,,,,,,,,,,,,,,
2023-02-01,0.0007994476032703,0.0045995242810816,-0.0010550963119093,0.0026054688361857,0.0014873840631421,-0.0017742844053374,0.001537574413663,0.0003184687704181,-0.0010965716934663,,,,,,,,,,,,,,,,,,,,,,,,,,,,,,,,,,,,,,,,,,,,,,,,,,,,,,,,,,,,,,,,,,,,,,,,,,,,,,,,,,,,,,,,,,,,,,,,,,,,,,,,,,,,,,,,,,,,,,,,,,,,,,,,,,,,,,,,,,,,,,,,,,,,,,,,,,,,,,,,,,,,,,,,,,,,,,,,,,,,,,
2023-02-02,0.00012320876252,-0.0001193057719664,0.0004123259944962,0.0018243674622381,0.0016871009605241,-0.0020535403331171,-0.0001313135326693,-0.0005746252429801,-0.0025197291050169,,,,,,,,,,,,,,,,,,,,,,,,,,,,,,,,,,,,,,,,,,,,,,,,,,,,,,,,,,,,,,,,,,,,,,,,,,,,,,,,,,,,,,,,,,,,,,,,,,,,,,,,,,,,,,,,,,,,,,,,,,,,,,,,,,,,,,,,,,,,,,,,,,,,,,,,,,,,,,,,,,,,,,,,,,,,,,,,,,,,,,
2023-02-03,-0.0009533342780626,0.0028880342961072,-0.0007981300907689,0.0011239218363016,0.0009390861244588,-0.0013616948127586,-0.0018276237571678,0.001479065067554,0.0024706593681997,,,,,,,,,,,,,,,,,,,,,,,,,,,,,,,,,,,,,,,,,,,,,,,,,,,,,,,,,,,,,,,,,,,,,,,,,,,,,,,,,,,,,,,,,,,,,,,,,,,,,,,,,,,,,,,,,,,,,,,,,,,,,,,,,,,,,,,,,,,,,,,,,,,,,,,,,,,,,,,,,,,,,,,,,,,,,,,,,,,,,,
2023-02-06,0.0011685443917711,0.0009990810442453,0.0004140467230088,0.0006229650074224,0.000638887300935,-0.0007830097236886,-0.0001718457517807,-0.0019655107235023,0.0017907847896729,,,,,,,,,,,,,,,,,,,,,,,,,,,,,,,,,,,,,,,,,,,,,,,,,,,,,,,,,,,,,,,,,,,,,,,,,,,,,,,,,,,,,,,,,,,,,,,,,,,,,,,,,,,,,,,,,,,,,,,,,,,,,,,,,,,,,,,,,,,,,,,,,,,,,,,,,,,,,,,,,,,,,,,,,,,,,,,,,,,,,,
2023-02-07,-0.0009835998637804,0.0020019942793337,0.0014981995123028,0.0009596059068794,0.0008369769152878,-0.001434652607226,-0.0011188028153119,-0.0020341925238376,-0.000786900687979,,,,,,,,,,,,,,,,,,,,,,,,,,,,,,,,,,,,,,,,,,,,,,,,,,,,,,,,,,,,,,,,,,,,,,,,,,,,,,,,,,,,,,,,,,,,,,,,,,,,,,,,,,,,,,,,,,,,,,,,,,,,,,,,,,,,,,,,,,,,,,,,,,,,,,,,,,,,,,,,,,,,,,,,,,,,,,,,,,,,,,
2023-02-08,-0.0012898883771956,1.6776560570578895e-05,0.0026285161099887,0.0016573759986069,2.663927466606056e-05,0.0025281926311836,-0.0017510454531014,-0.0029220202987312,-0.0006856955472417,,,,,,,,,,,,,,,,,,,,,,,,,,,,,,,,,,,,,,,,,,,,,,,,,,,,,,,,,,,,,,,,,,,,,,,,,,,,,,,,,,,,,,,,,,,,,,,,,,,,,,,,,,,,,,,,,,,,,,,,,,,,,,,,,,,,,,,,,,,,,,,,,,,,,,,,,,,,,,,,,,,,,,,,,,,,,,,,,,,,,,
2023-02-09,0.00441673406059,-0.0008698053468615,0.0024929991968169,-0.0022794729988801,-0.0026917733776224,0.0041063071396764,0.0015746467585128,-0.0059580896975299,-0.0042106469857243,,,,,,,,,,,,,,,,,,,,,,,,,,,,,,,,,,,,,,,,,,,,,,,,,,,,,,,,,,,,,,,,,,,,,,,,,,,,,,,,,,,,,,,,,,,,,,,,,,,,,,,,,,,,,,,,,,,,,,,,,,,,,,,,,,,,,,,,,,,,,,,,,,,,,,,,,,,,,,,,,,,,,,,,,,,,,,,,,,,,,,
2023-02-10,-0.0004692240914099,-0.0034132109832477,0.0030158767928654,-0.0021497069258915,0.0003111923275984,-0.0031010758063119,-0.0002567840205674,0.0016597356043896,-0.0026545869845656,,,,,,,,,,,,,,,,,,,,,,,,,,,,,,,,,,,,,,,,,,,,,,,,,,,,,,,,,,,,,,,,,,,,,,,,,,,,,,,,,,,,,,,,,,,,,,,,,,,,,,,,,,,,,,,,,,,,,,,,,,,,,,,,,,,,,,,,,,,,,,,,,,,,,,,,,,,,,,,,,,,,,,,,,,,,,,,,,,,,,,
2023-02-13,0.0010018252271229,-0.0003528613113725,-0.0026899358475893,-0.0012794941862376,-0.0012362913536764,0.0014868269136116,-0.0004776078405845,-0.0019058345862945,0.0003138525651714,,,,,,,,,,,,,,,,,,,,,,,,,,,,,,,,,,,,,,,,,,,,,,,,,,,,,,,,,,,,,,,,,,,,,,,,,,,,,,,,,,,,,,,,,,,,,,,,,,,,,,,,,,,,,,,,,,,,,,,,,,,,,,,,,,,,,,,,,,,,,,,,,,,,,,,,,,,,,,,,,,,,,,,,,,,,,,,,,,,,,,
2023-02-14,0.0012602865724445,0.0038111989132837,-0.0044681267949922,-0.0002530094848991,-0.0010911092036421,-0.0005137880499884,0.000637762214315,0.000769449602884,0.0006183245597742,,,,,,,,,,,,,,,,,,,,,,,,,,,,,,,,,,,,,,,,,,,,,,,,,,,,,,,,,,,,,,,,,,,,,,,,,,,,,,,,,,,,,,,,,,,,,,,,,,,,,,,,,,,,,,,,,,,,,,,,,,,,,,,,,,,,,,,,,,,,,,,,,,,,,,,,,,,,,,,,,,,,,,,,,,,,,,,,,,,,,,
2023-02-15,-0.001627733864841,-0.0048308855234426,0.0015848915274102,0.0003744688603942,0.0006264318922502,0.0005778043527871,-0.0004585438170454,0.000263816145988,-0.0035492387493533,,,,,,,,,,,,,,,,,,,,,,,,,,,,,,,,,,,,,,,,,,,,,,,,,,,,,,,,,,,,,,,,,,,,,,,,,,,,,,,,,,,,,,,,,,,,,,,,,,,,,,,,,,,,,,,,,,,,,,,,,,,,,,,,,,,,,,,,,,,,,,,,,,,,,,,,,,,,,,,,,,,,,,,,,,,,,,,,,,,,,,
2023-02-16,-0.0013812118087133,0.0032763666757496,-0.0001710447358974,0.0018343530188849,-0.0004498761597282,-0.00081671028082,-0.0007908624646641,0.000921257684892,-0.0014250807246773,,,,,,,,,,,,,,,,,,,,,,,,,,,,,,,,,,,,,,,,,,,,,,,,,,,,,,,,,,,,,,,,,,,,,,,,,,,,,,,,,,,,,,,,,,,,,,,,,,,,,,,,,,,,,,,,,,,,,,,,,,,,,,,,,,,,,,,,,,,,,,,,,,,,,,,,,,,,,,,,,,,,,,,,,,,,,,,,,,,,,,
2023-02-17,-0.003066633921858,-0.0014096861460859,-0.0015733788818026,6.535172269680639e-05,7.493007631071036e-05,-0.001443528841913,0.0015365691634465,0.0021009019790711,0.0033800280026978,,,,,,,,,,,,,,,,,,,,,,,,,,,,,,,,,,,,,,,,,,,,,,,,,,,,,,,,,,,,,,,,,,,,,,,,,,,,,,,,,,,,,,,,,,,,,,,,,,,,,,,,,,,,,,,,,,,,,,,,,,,,,,,,,,,,,,,,,,,,,,,,,,,,,,,,,,,,,,,,,,,,,,,,,,,,,,,,,,,,,,
2023-02-20,-0.0012329308861597,0.000766814358478,0.001623214232658,0.0009050542986227,-0.000132045843508,-0.0011738466472927,0.0032519491270666,0.0011418728358384,0.0011897972355901,,,,,,,,,,,,,,,,,,,,,,,,,,,,,,,,,,,,,,,,,,,,,,,,,,,,,,,,,,,,,,,,,,,,,,,,,,,,,,,,,,,,,,,,,,,,,,,,,,,,,,,,,,,,,,,,,,,,,,,,,,,,,,,,,,,,,,,,,,,,,,,,,,,,,,,,,,,,,,,,,,,,,,,,,,,,,,,,,,,,,,
2023-02-21,-0.0017251036468305,0.0031078733378647,-0.0005403592434913,0.0001190861765725,0.0012444912079347,0.0010273683801102,0.0010298835075228,0.0013768607833443,-0.0001212533566191,,,,,,,,,,,,,,,,,,,,,,,,,,,,,,,,,,,,,,,,,,,,,,,,,,,,,,,,,,,,,,,,,,,,,,,,,,,,,,,,,,,,,,,,,,,,,,,,,,,,,,,,,,,,,,,,,,,,,,,,,,,,,,,,,,,,,,,,,,,,,,,,,,,,,,,,,,,,,,,,,,,,,,,,,,,,,,,,,,,,,,
2023-02-22,-0.0002345666131748,0.0014668874448558,0.0014142755698535,-0.0003730005806419,0.0003717934534151,-0.0006539996569146,0.0007339625394226,0.0018416566926595,0.000328908813665,,,,,,,,,,,,,,,,,,,,,,,,,,,,,,,,,,,,,,,,,,,,,,,,,,,,,,,,,,,,,,,,,,,,,,,,,,,,,,,,,,,,,,,,,,,,,,,,,,,,,,,,,,,,,,,,,,,,,,,,,,,,,,,,,,,,,,,,,,,,,,,,,,,,,,,,,,,,,,,,,,,,,,,,,,,,,,,,,,,,,,
2023-02-23,-0.0008483476476834,0.0005224683666996,0.0011290452159795,-0.0012405389559459,-0.000224582582181,0.0011491420438662,0.0032782273839846,0.0026374233215665,-0.001262204593894,,,,,,,,,,,,,,,,,,,,,,,,,,,,,,,,,,,,,,,,,,,,,,,,,,,,,,,,,,,,,,,,,,,,,,,,,,,,,,,,,,,,,,,,,,,,,,,,,,,,,,,,,,,,,,,,,,,,,,,,,,,,,,,,,,,,,,,,,,,,,,,,,,,,,,,,,,,,,,,,,,,,,,,,,,,,,,,,,,,,,,
2023-02-24,0.0002407101962484,0.0021059463807457,-0.0022825123443185,-0.001277752448801,-0.0007786805428945,0.001548169088822,-0.0001880082439596,0.0044336574255174,-0.000709586831214,,,,,,,,,,,,,,,,,,,,,,,,,,,,,,,,,,,,,,,,,,,,,,,,,,,,,,,,,,,,,,,,,,,,,,,,,,,,,,,,,,,,,,,,,,,,,,,,,,,,,,,,,,,,,,,,,,,,,,,,,,,,,,,,,,,,,,,,,,,,,,,,,,,,,,,,,,,,,,,,,,,,,,,,,,,,,,,,,,,,,,
2023-02-27,-0.001098614262113,-0.0020431745677381,-0.0014349469977381,0.0025056011554214,-0.0016760765687064,-0.001624382001319,-7.492895936800577e-05,0.0039725715653299,0.001284002760219,,,,,,,,,,,,,,,,,,,,,,,,,,,,,,,,,,,,,,,,,,,,,,,,,,,,,,,,,,,,,,,,,,,,,,,,,,,,,,,,,,,,,,,,,,,,,,,,,,,,,,,,,,,,,,,,,,,,,,,,,,,,,,,,,,,,,,,,,,,,,,,,,,,,,,,,,,,,,,,,,,,,,,,,,,,,,,,,,,,,,,
2023-02-28,-0.0010550039094259,0.0004122404322618,-0.0039954287783765,0.0006562134428391,-0.002093917995818,0.0029151984583742,-0.0006579703511892,-0.0033621177300389,-1.1734475158032796e-05,,,,,,,,,,,,,,,,,,,,,,,,,,,,,,,,,,,,,,,,,,,,,,,,,,,,,,,,,,,,,,,,,,,,,,,,,,,,,,,,,,,,,,,,,,,,,,,,,,,,,,,,,,,,,,,,,,,,,,,,,,,,,,,,,,,,,,,,,,,,,,,,,,,,,,,,,,,,,,,,,,,,,,,,,,,,,,,,,,,,,,
2023-03-01,0.0018323488205369,-0.0012585442081387,-0.001397483952061,0.0014784836987889,-0.0011664585246772,-0.0025788691513997,0.0014455626544043,0.0023128356244388,-0.0019324172318127,,,,,,,,,,,,,,,,,,,,,,,,,,,,,,,,,,,,,,,,,,,,,,,,,,,,,,,,,,,,,,,,,,,,,,,,,,,,,,,,,,,,,,,,,,,,,,,,,,,,,,,,,,,,,,,,,,,,,,,,,,,,,,,,,,,,,,,,,,,,,,,,,,,,,,,,,,,,,,,,,,,,,,,,,,,,,,,,,,,,,,
2023-03-02,-0.0010263093934103,0.0027321030722935,-0.0004076387913976,0.0002924427539074,0.0011507137844663,0.0011906190866076,0.0038674535247561,0.0018402735330157,0.0020548798063376,,,,,,,,,,,,,,,,,,,,,,,,,,,,,,,,,,,,,,,,,,,,,,,,,,,,,,,,,,,,,,,,,,,,,,,,,,,,,,,,,,,,,,,,,,,,,,,,,,,,,,,,,,,,,,,,,,,,,,,,,,,,,,,,,,,,,,,,,,,,,,,,,,,,,,,,,,,,,,,,,,,,,,,,,,,,,,,,,,,,,,
2023-03-03,0.0006204516654445,0.0019858346631678,6.692361961797541e-05,0.0011070431324638,-8.93654275542171e-05,0.0006248608723189,-0.0006794053919393,-0.0025992876174766,-0.0003430965325101,,,,,,,,,,,,,,,,,,,,,,,,,,,,,,,,,,,,,,,,,,,,,,,,,,,,,,,,,,,,,,,,,,,,,,,,,,,,,,,,,,,,,,,,,,,,,,,,,,,,,,,,,,,,,,,,,,,,,,,,,,,,,,,,,,,,,,,,,,,,,,,,,,,,,,,,,,,,,,,,,,,,,,,,,,,,,,,,,,,,,,
2023-03-06,0.0006047266275187,0.0027019102510009,0.0001761427355985,0.0036523864154406,-0.0009727449763871,-0.001364988331654,-0.0015167679618221,-0.0004150039383781,0.0002468342570789,,,,,,,,,,,,,,,,,,,,,,,,,,,,,,,,,,,,,,,,,,,,,,,,,,,,,,,,,,,,,,,,,,,,,,,,,,,,,,,,,,,,,,,,,,,,,,,,,,,,,,,,,,,,,,,,,,,,,,,,,,,,,,,,,,,,,,,,,,,,,,,,,,,,,,,,,,,,,,,,,,,,,,,,,,,,,,,,,,,,,,
2023-03-07,0.0002567194983899,-0.00075609363684,-0.0035741528667638,4.210662650836424e-05,-0.0017864939088039,0.0011245957168437,-0.001336867318508,0.0006932529702221,0.00410488515075,,,,,,,,,,,,,,,,,,,,,,,,,,,,,,,,,,,,,,,,,,,,,,,,,,,,,,,,,,,,,,,,,,,,,,,,,,,,,,,,,,,,,,,,,,,,,,,,,,,,,,,,,,,,,,,,,,,,,,,,,,,,,,,,,,,,,,,,,,,,,,,,,,,,,,,,,,,,,,,,,,,,,,,,,,,,,,,,,,,,,,
2023-03-08,0.0020398551418435,-0.0034487853742922,-0.0011493383543667,-0.0036297946884764,-0.0011963242179756,0.0004718318475874,-0.0026227742000994,-0.0011306214216425,0.0011420484749902,,,,,,,,,,,,,,,,,,,,,,,,,,,,,,,,,,,,,,,,,,,,,,,,,,,,,,,,,,,,,,,,,,,,,,,,,,,,,,,,,,,,,,,,,,,,,,,,,,,,,,,,,,,,,,,,,,,,,,,,,,,,,,,,,,,,,,,,,,,,,,,,,,,,,,,,,,,,,,,,,,,,,,,,,,,,,,,,,,,,,,
2023-03-09,-0.0001226292130519,0.0044752699317228,0.0015014643983732,-0.0009117469937355,-0.0012550410041503,-0.0008820666136605,-0.0006818427227817,0.0018807744679366,0.0014132005329002,,,,,,,,,,,,,,,,,,,,,,,,,,,,,,,,,,,,,,,,,,,,,,,,,,,,,,,,,,,,,,,,,,,,,,,,,,,,,,,,,,,,,,,,,,,,,,,,,,,,,,,,,,,,,,,,,,,,,,,,,,,,,,,,,,,,,,,,,,,,,,,,,,,,,,,,,,,,,,,,,,,,,,,,,,,,,,,,,,,,,,
2023-03-10,-0.0009490088170678,-0.0006979013466685,-0.0028359922367199,0.0028228386885299,-0.0015407870693567,0.0002908143952156,-7.367329753038784e-05,-0.0027307104885502,0.0004898649416808,,,,,,,,,,,,,,,,,,,,,,,,,,,,,,,,,,,,,,,,,,,,,,,,,,,,,,,,,,,,,,,,,,,,,,,,,,,,,,,,,,,,,,,,,,,,,,,,,,,,,,,,,,,,,,,,,,,,,,,,,,,,,,,,,,,,,,,,,,,,,,,,,,,,,,,,,,,,,,,,,,,,,,,,,,,,,,,,,,,,,,
2023-03-13,-0.0002203473460893,0.0062410242993427,0.0006987553780554,0.002539498813412,0.002696196591477,-0.0001171182307799,-0.0035236645004994,-0.0009452027300905,0.0009737800393338,,,,,,,,,,,,,,,,,,,,,,,,,,,,,,,,,,,,,,,,,,,,,,,,,,,,,,,,,,,,,,,,,,,,,,,,,,,,,,,,,,,,,,,,,,,,,,,,,,,,,,,,,,,,,,,,,,,,,,,,,,,,,,,,,,,,,,,,,,,,,,,,,,,,,,,,,,,,,,,,,,,,,,,,,,,,,,,,,,,,,,
2023-03-14,-0.0001169845155917,-0.0041872056884447,0.0107367453024,0.0014212689806784,0.001303372949061,0.0024334332136939,-0.001943311432493,-0.0053216839017887,-0.0019095235961309,,,,,,,,,,,,,,,,,,,,,,,,,,,,,,,,,,,,,,,,,,,,,,,,,,,,,,,,,,,,,,,,,,,,,,,,,,,,,,,,,,,,,,,,,,,,,,,,,,,,,,,,,,,,,,,,,,,,,,,,,,,,,,,,,,,,,,,,,,,,,,,,,,,,,,,,,,,,,,,,,,,,,,,,,,,,,,,,,,,,,,
2023-03-15,-0.0003607428536883,0.0011932923743792,0.0011271783248509,0.0017015173611102,0.0020709174403386,0.0055588067564919,-0.0025244693953841,-0.0069905925107528,0.001561949655591,,,,,,,,,,,,,,,,,,,,,,,,,,,,,,,,,,,,,,,,,,,,,,,,,,,,,,,,,,,,,,,,,,,,,,,,,,,,,,,,,,,,,,,,,,,,,,,,,,,,,,,,,,,,,,,,,,,,,,,,,,,,,,,,,,,,,,,,,,,,,,,,,,,,,,,,,,,,,,,,,,,,,,,,,,,,,,,,,,,,,,
2023-03-16,-0.0023682496601454,0.0039259092514419,-0.0038883682604972,0.0016055607067476,0.0040122460659973,0.0039954581446637,0.0011556858575637,-0.0006109540216407,0.0038798965680015,,,,,,,,,,,,,,,,,,,,,,,,,,,,,,,,,,,,,,,,,,,,,,,,,,,,,,,,,,,,,,,,,,,,,,,,,,,,,,,,,,,,,,,,,,,,,,,,,,,,,,,,,,,,,,,,,,,,,,,,,,,,,,,,,,,,,,,,,,,,,,,,,,,,,,,,,,,,,,,,,,,,,,,,,,,,,,,,,,,,,,
2023-03-17,-0.0020817908916014,0.0004660672340085,-0.0022003217955116,-0.0003381859638754,-0.0001008824098076,0.002387956501689,0.0020819411053968,-0.0010704890953296,0.0031604839378463,,,,,,,,,,,,,,,,,,,,,,,,,,,,,,,,,,,,,,,,,,,,,,,,,,,,,,,,,,,,,,,,,,,,,,,,,,,,,,,,,,,,,,,,,,,,,,,,,,,,,,,,,,,,,,,,,,,,,,,,,,,,,,,,,,,,,,,,,,,,,,,,,,,,,,,,,,,,,,,,,,,,,,,,,,,,,,,,,,,,,,
2023-03-20,0.0006583490262005,-0.001044504519469,0.0012601005645794,0.0013967207720661,-0.0023692928510675,-0.0010688578201567,-0.0008359041617874,-0.0060403894613049,0.0011084823964511,,,,,,,,,,,,,,,,,,,,,,,,,,,,,,,,,,,,,,,,,,,,,,,,,,,,,,,,,,,,,,,,,,,,,,,,,,,,,,,,,,,,,,,,,,,,,,,,,,,,,,,,,,,,,,,,,,,,,,,,,,,,,,,,,,,,,,,,,,,,,,,,,,,,,,,,,,,,,,,,,,,,,,,,,,,,,,,,,,,,,,
2023-03-21,0.0005113945606644,-0.0020541261369285,0.0078217041717116,0.0028424948326934,0.0001652474836697,-0.0003165593255721,0.0030330642192019,-0.0028253438509481,0.0010750564516494,,,,,,,,,,,,,,,,,,,,,,,,,,,,,,,,,,,,,,,,,,,,,,,,,,,,,,,,,,,,,,,,,,,,,,,,,,,,,,,,,,,,,,,,,,,,,,,,,,,,,,,,,,,,,,,,,,,,,,,,,,,,,,,,,,,,,,,,,,,,,,,,,,,,,,,,,,,,,,,,,,,,,,,,,,,,,,,,,,,,,,
2023-03-22,-0.0001266145788046,-0.0017710969048033,0.0037832522012253,-0.0010080576220757,0.0031722030551337,-0.0014242285912292,0.0026931424868487,-0.0009739453860719,0.0003818990754857,,,,,,,,,,,,,,,,,,,,,,,,,,,,,,,,,,,,,,,,,,,,,,,,,,,,,,,,,,,,,,,,,,,,,,,,,,,,,,,,,,,,,,,,,,,,,,,,,,,,,,,,,,,,,,,,,,,,,,,,,,,,,,,,,,,,,,,,,,,,,,,,,,,,,,,,,,,,,,,,,,,,,,,,,,,,,,,,,,,,,,
2023-03-23,0.00104660027514,-0.0018806348000437,0.0021139480306251,-0.0032639364779616,0.002677987961788,-0.0004439196779163,0.007075692222089,0.0027846836210756,0.0005182720746673,,,,,,,,,,,,,,,,,,,,,,,,,,,,,,,,,,,,,,,,,,,,,,,,,,,,,,,,,,,,,,,,,,,,,,,,,,,,,,,,,,,,,,,,,,,,,,,,,,,,,,,,,,,,,,,,,,,,,,,,,,,,,,,,,,,,,,,,,,,,,,,,,,,,,,,,,,,,,,,,,,,,,,,,,,,,,,,,,,,,,,
2023-03-24,7.69234258655676e-05,-0.0037087007574147,-0.0042054382747159,-0.0014734764126012,0.000129027726575,-0.0019257416809081,0.0015631297380594,0.0028920052811495,-0.0013627473873259,,,,,,,,,,,,,,,,,,,,,,,,,,,,,,,,,,,,,,,,,,,,,,,,,,,,,,,,,,,,,,,,,,,,,,,,,,,,,,,,,,,,,,,,,,,,,,,,,,,,,,,,,,,,,,,,,,,,,,,,,,,,,,,,,,,,,,,,,,,,,,,,,,,,,,,,,,,,,,,,,,,,,,,,,,,,,,,,,,,,,,
2023-03-27,-0.0035624702596696,0.0008418489959038,0.0006897981681053,0.0002498574027793,0.0024651365905039,0.0012567412000228,0.0021475475221637,0.0043163703575851,-0.0051842952046497,,,,,,,,,,,,,,,,,,,,,,,,,,,,,,,,,,,,,,,,,,,,,,,,,,,,,,,,,,,,,,,,,,,,,,,,,,,,,,,,,,,,,,,,,,,,,,,,,,,,,,,,,,,,,,,,,,,,,,,,,,,,,,,,,,,,,,,,,,,,,,,,,,,,,,,,,,,,,,,,,,,,,,,,,,,,,,,,,,,,,,
2023-03-28,0.0027517813796518,0.0021395900909164,0.0010489869286931,-0.0017001085696444,0.0029217842965822,0.0010826356513898,-0.001425419365006,-0.000671810372008,-0.0002854439517508,,,,,,,,,,,,,,,,,,,,,,,,,,,,,,,,,,,,,,,,,,,,,,,,,,,,,,,,,,,,,,,,,,,,,,,,,,,,,,,,,,,,,,,,,,,,,,,,,,,,,,,,,,,,,,,,,,,,,,,,,,,,,,,,,,,,,,,,,,,,,,,,,,,,,,,,,,,,,,,,,,,,,,,,,,,,,,,,,,,,,,
2023-03-29,0.0031837596150498,-0.0004453863709172,0.002292785794099,0.0028205343605805,0.0025700361877075,0.0007602253384352,-0.0026215802503165,-0.0046728959363694,0.0018741630012587,,,,,,,,,,,,,,,,,,,,,,,,,,,,,,,,,,,,,,,,,,,,,,,,,,,,,,,,,,,,,,,,,,,,,,,,,,,,,,,,,,,,,,,,,,,,,,,,,,,,,,,,,,,,,,,,,,,,,,,,,,,,,,,,,,,,,,,,,,,,,,,,,,,,,,,,,,,,,,,,,,,,,,,,,,,,,,,,,,,,,,
2023-03-30,-0.0003797176410169,-0.004263644466638,0.0044039805925546,0.0005406412046174,0.0017664987336563,-8.048122457381789e-05,-0.0033447207428951,0.0019264093034443,-0.0014363416439055,,,,,,,,,,,,,,,,,,,,,,,,,,,,,,,,,,,,,,,,,,,,,,,,,,,,,,,,,,,,,,,,,,,,,,,,,,,,,,,,,,,,,,,,,,,,,,,,,,,,,,,,,,,,,,,,,,,,,,,,,,,,,,,,,,,,,,,,,,,,,,,,,,,,,,,,,,,,,,,,,,,,,,,,,,,,,,,,,,,,,,
2023-03-31,0.000269520698626,0.0026368495802151,-0.0024571733550623,0.0004038491734006,-0.0008318015609103,0.0038605934943107,-0.0027214007663778,-0.0040944521391632,0.0023464004625861,,,,,,,,,,,,,,,,,,,,,,,,,,,,,,,,,,,,,,,,,,,,,,,,,,,,,,,,,,,,,,,,,,,,,,,,,,,,,,,,,,,,,,,,,,,,,,,,,,,,,,,,,,,,,,,,,,,,,,,,,,,,,,,,,,,,,,,,,,,,,,,,,,,,,,,,,,,,,,,,,,,,,,,,,,,,,,,,,,,,,,
2023-04-03,0.0031390171481549,0.0011282397127804,0.0011591111844945,-0.0005329085670529,0.0018729258359448,0.0018997919794236,0.0013604287944614,0.0036877425415352,0.0055398283000078,,,,,,,,,,,,,,,,,,,,,,,,,,,,,,,,,,,,,,,,,,,,,,,,,,,,,,,,,,,,,,,,,,,,,,,,,,,,,,,,,,,,,,,,,,,,,,,,,,,,,,,,,,,,,,,,,,,,,,,,,,,,,,,,,,,,,,,,,,,,,,,,,,,,,,,,,,,,,,,,,,,,,,,,,,,,,,,,,,,,,,
2023-04-04,0.0025237955649085,0.0013022360362468,0.0016395473455921,0.0019922962462754,-0.0010440204974808,0.0005428895622986,-0.0010108379584464,0.0099365367747285,-0.0010222162751037,,,,,,,,,,,,,,,,,,,,,,,,,,,,,,,,,,,,,,,,,,,,,,,,,,,,,,,,,,,,,,,,,,,,,,,,,,,,,,,,,,,,,,,,,,,,,,,,,,,,,,,,,,,,,,,,,,,,,,,,,,,,,,,,,,,,,,,,,,,,,,,,,,,,,,,,,,,,,,,,,,,,,,,,,,,,,,,,,,,,,,
2023-04-06,-0.0012586708384636,0.0032036709590159,-0.0017659209370594,-0.0003762559292395,0.0004500451997944,0.0011881621789876,0.0023101287474361,0.0060139306383877,0.0001816283193722,,,,,,,,,,,,,,,,,,,,,,,,,,,,,,,,,,,,,,,,,,,,,,,,,,,,,,,,,,,,,,,,,,,,,,,,,,,,,,,,,,,,,,,,,,,,,,,,,,,,,,,,,,,,,,,,,,,,,,,,,,,,,,,,,,,,,,,,,,,,,,,,,,,,,,,,,,,,,,,,,,,,,,,,,,,,,,,,,,,,,,
2023-04-07,0.0017701009058663,0.0024243095314551,-0.0067359044531807,0.0026255825427993,-0.0034982350896565,-0.0012232044552767,-0.0024074182095693,-0.0023651078933191,0.00418185817587,,,,,,,,,,,,,,,,,,,,,,,,,,,,,,,,,,,,,,,,,,,,,,,,,,,,,,,,,,,,,,,,,,,,,,,,,,,,,,,,,,,,,,,,,,,,,,,,,,,,,,,,,,,,,,,,,,,,,,,,,,,,,,,,,,,,,,,,,,,,,,,,,,,,,,,,,,,,,,,,,,,,,,,,,,,,,,,,,,,,,,
2023-04-10,0.0010609282564187,-0.0006261482324477,-0.0025144455031603,-0.0014453530557145,-0.0012907123483993,-0.0021314294604476,0.001770607401774,0.0007651932295185,0.0029289035655442,,,,,,,,,,,,,,,,,,,,,,,,,,,,,,,,,,,,,,,,,,,,,,,,,,,,,,,,,,,,,,,,,,,,,,,,,,,,,,,,,,,,,,,,,,,,,,,,,,,,,,,,,,,,,,,,,,,,,,,,,,,,,,,,,,,,,,,,,,,,,,,,,,,,,,,,,,,,,,,,,,,,,,,,,,,,,,,,,,,,,,
2023-04-11,0.0024260251453443,-0.0003892872698756,0.0051528968858802,-0.0039862879863438,0.0001006673660132,0.0004410317786903,0.0034453555169981,-0.0022469830849421,0.0001823367881301,,,,,,,,,,,,,,,,,,,,,,,,,,,,,,,,,,,,,,,,,,,,,,,,,,,,,,,,,,,,,,,,,,,,,,,,,,,,,,,,,,,,,,,,,,,,,,,,,,,,,,,,,,,,,,,,,,,,,,,,,,,,,,,,,,,,,,,,,,,,,,,,,,,,,,,,,,,,,,,,,,,,,,,,,,,,,,,,,,,,,,
2023-04-12,-0.0003526253553244,-0.0027352164445469,0.0036126989017344,-0.0010006417336359,0.0020811514235714,0.0012928724572922,0.0012883443049915,0.0034686863818232,0.0002964126790875,,,,,,,,,,,,,,,,,,,,,,,,,,,,,,,,,,,,,,,,,,,,,,,,,,,,,,,,,,,,,,,,,,,,,,,,,,,,,,,,,,,,,,,,,,,,,,,,,,,,,,,,,,,,,,,,,,,,,,,,,,,,,,,,,,,,,,,,,,,,,,,,,,,,,,,,,,,,,,,,,,,,,,,,,,,,,,,,,,,,,,
2023-04-13,0.0012915332099264,0.0008690877207258,0.0026895580294358,-0.0005171278820945,0.0049228407350681,0.0002669360210626,0.0023005676013058,0.0010206996460903,-0.0001589871517689,,,,,,,,,,,,,,,,,,,,,,,,,,,,,,,,,,,,,,,,,,,,,,,,,,,,,,,,,,,,,,,,,,,,,,,,,,,,,,,,,,,,,,,,,,,,,,,,,,,,,,,,,,,,,,,,,,,,,,,,,,,,,,,,,,,,,,,,,,,,,,,,,,,,,,,,,,,,,,,,,,,,,,,,,,,,,,,,,,,,,,
2023-04-14,0.0001742753761363,0.002704253937631,0.0038659009573509,0.0014936459786255,0.0019455717397463,-0.0009177293926591,0.000869932265016,0.0013462386894743,0.000451497395441,,,,,,,,,,,,,,,,,,,,,,,,,,,,,,,,,,,,,,,,,,,,,,,,,,,,,,,,,,,,,,,,,,,,,,,,,,,,,,,,,,,,,,,,,,,,,,,,,,,,,,,,,,,,,,,,,,,,,,,,,,,,,,,,,,,,,,,,,,,,,,,,,,,,,,,,,,,,,,,,,,,,,,,,,,,,,,,,,,,,,,
2023-04-17,0.0007031357146955,-0.0060855882589998,0.0014968164762179,-0.0010607297299486,-0.0021136158031799,-0.0033334661710866,-0.0050195564639919,0.004516033447881,-0.00068540022985,,,,,,,,,,,,,,,,,,,,,,,,,,,,,,,,,,,,,,,,,,,,,,,,,,,,,,,,,,,,,,,,,,,,,,,,,,,,,,,,,,,,,,,,,,,,,,,,,,,,,,,,,,,,,,,,,,,,,,,,,,,,,,,,,,,,,,,,,,,,,,,,,,,,,,,,,,,,,,,,,,,,,,,,,,,,,,,,,,,,,,
2023-04-18,0.0037746772865298,0.0020337633302073,-0.0006646305009171,-0.0025494087753695,0.0006957065601731,-0.0002522691683798,-0.001985353833659,0.0010195229021173,-0.0005101869233861,,,,,,,,,,,,,,,,,,,,,,,,,,,,,,,,,,,,,,,,,,,,,,,,,,,,,,,,,,,,,,,,,,,,,,,,,,,,,,,,,,,,,,,,,,,,,,,,,,,,,,,,,,,,,,,,,,,,,,,,,,,,,,,,,,,,,,,,,,,,,,,,,,,,,,,,,,,,,,,,,,,,,,,,,,,,,,,,,,,,,,
2023-04-19,0.0035955098477709,0.002783095989367,-0.0074873909486361,0.0031265300665632,0.0001016005628222,0.0009477673778335,0.00107966633478,-0.0089889780008802,0.0042018745869486,,,,,,,,,,,,,,,,,,,,,,,,,,,,,,,,,,,,,,,,,,,,,,,,,,,,,,,,,,,,,,,,,,,,,,,,,,,,,,,,,,,,,,,,,,,,,,,,,,,,,,,,,,,,,,,,,,,,,,,,,,,,,,,,,,,,,,,,,,,,,,,,,,,,,,,,,,,,,,,,,,,,,,,,,,,,,,,,,,,,,,
2023-04-20,0.0032061028832693,-8.59797472265509e-05,-0.0029211760967239,0.0022744638158225,-0.0014328155272824,-0.0033391601894759,-0.0012457354287924,-0.0074890114276909,0.0020659943925284,,,,,,,,,,,,,,,,,,,,,,,,,,,,,,,,,,,,,,,,,,,,,,,,,,,,,,,,,,,,,,,,,,,,,,,,,,,,,,,,,,,,,,,,,,,,,,,,,,,,,,,,,,,,,,,,,,,,,,,,,,,,,,,,,,,,,,,,,,,,,,,,,,,,,,,,,,,,,,,,,,,,,,,,,,,,,,,,,,,,,,
2023-04-21,-0.0013790733991707,-0.0017753817674104,-0.002404152859798,0.001223751906859,-0.0009073273907348,0.0009545243989005,0.0055250575288641,0.002518884174708,-0.0092003175861911,,,,,,,,,,,,,,,,,,,,,,,,,,,,,,,,,,,,,,,,,,,,,,,,,,,,,,,,,,,,,,,,,,,,,,,,,,,,,,,,,,,,,,,,,,,,,,,,,,,,,,,,,,,,,,,,,,,,,,,,,,,,,,,,,,,,,,,,,,,,,,,,,,,,,,,,,,,,,,,,,,,,,,,,,,,,,,,,,,,,,,
2023-04-24,-0.0010146149499394,0.0035934005021854,-0.0178954760303227,0.001836416961735,0.0006472868993988,0.0061185447511535,0.0015673290626955,-0.0028874968698354,-0.0015227016151005,,,,,,,,,,,,,,,,,,,,,,,,,,,,,,,,,,,,,,,,,,,,,,,,,,,,,,,,,,,,,,,,,,,,,,,,,,,,,,,,,,,,,,,,,,,,,,,,,,,,,,,,,,,,,,,,,,,,,,,,,,,,,,,,,,,,,,,,,,,,,,,,,,,,,,,,,,,,,,,,,,,,,,,,,,,,,,,,,,,,,,
2023-04-25,0.0006687744418091,0.0018898615419661,0.0042908683152361,2.41268831700338e-05,-0.0023175852433138,-0.0013978062615825,-0.0059541216352825,0.0031523927812213,-0.0058073535337101,,,,,,,,,,,,,,,,,,,,,,,,,,,,,,,,,,,,,,,,,,,,,,,,,,,,,,,,,,,,,,,,,,,,,,,,,,,,,,,,,,,,,,,,,,,,,,,,,,,,,,,,,,,,,,,,,,,,,,,,,,,,,,,,,,,,,,,,,,,,,,,,,,,,,,,,,,,,,,,,,,,,,,,,,,,,,,,,,,,,,,
2023-04-26,0.0027183815146201,0.0027699781133848,0.0036231675394272,-0.0025108257903827,-0.0039952242195371,0.0039620866566762,-0.0024908582054685,-0.0091826007874932,-0.0052416937233335,,,,,,,,,,,,,,,,,,,,,,,,,,,,,,,,,,,,,,,,,,,,,,,,,,,,,,,,,,,,,,,,,,,,,,,,,,,,,,,,,,,,,,,,,,,,,,,,,,,,,,,,,,,,,,,,,,,,,,,,,,,,,,,,,,,,,,,,,,,,,,,,,,,,,,,,,,,,,,,,,,,,,,,,,,,,,,,,,,,,,,
2023-04-27,-0.0035180827037303,-0.0008904647011839,0.0023763628403983,-0.0008403383680164,-9.47288264889092e-05,-0.0015135649556456,0.0046981722569645,-0.0049428394829103,-0.0010819244299093,,,,,,,,,,,,,,,,,,,,,,,,,,,,,,,,,,,,,,,,,,,,,,,,,,,,,,,,,,,,,,,,,,,,,,,,,,,,,,,,,,,,,,,,,,,,,,,,,,,,,,,,,,,,,,,,,,,,,,,,,,,,,,,,,,,,,,,,,,,,,,,,,,,,,,,,,,,,,,,,,,,,,,,,,,,,,,,,,,,,,,
2023-04-28,-0.0012344678767143,0.001823361375802,0.0003934640937813,-0.0034236400127334,-0.0003997550002563,-4.6454971454866615e-05,0.0004918705885633,0.0037556753855166,-0.0012022103471977,,,,,,,,,,,,,,,,,,,,,,,,,,,,,,,,,,,,,,,,,,,,,,,,,,,,,,,,,,,,,,,,,,,,,,,,,,,,,,,,,,,,,,,,,,,,,,,,,,,,,,,,,,,,,,,,,,,,,,,,,,,,,,,,,,,,,,,,,,,,,,,,,,,,,,,,,,,,,,,,,,,,,,,,,,,,,,,,,,,,,,
2023-05-04,-0.0001265471464499,8.525920422191761e-05,-0.0014885526973578,-0.0007466207725466,-0.0004880028488633,0.0026207302719045,-0.0002406414167346,0.0034613274640045,0.0004945150033623,,,,,,,,,,,,,,,,,,,,,,,,,,,,,,,,,,,,,,,,,,,,,,,,,,,,,,,,,,,,,,,,,,,,,,,,,,,,,,,,,,,,,,,,,,,,,,,,,,,,,,,,,,,,,,,,,,,,,,,,,,,,,,,,,,,,,,,,,,,,,,,,,,,,,,,,,,,,,,,,,,,,,,,,,,,,,,,,,,,,,,
2023-05-05,0.0003342821320413,-0.0011708126875294,0.0008412003117214,0.000997388082817,0.0025635068212923,-0.002355979108799,0.00092392973691,0.003217032427342,-0.0002224112604809,,,,,,,,,,,,,,,,,,,,,,,,,,,,,,,,,,,,,,,,,,,,,,,,,,,,,,,,,,,,,,,,,,,,,,,,,,,,,,,,,,,,,,,,,,,,,,,,,,,,,,,,,,,,,,,,,,,,,,,,,,,,,,,,,,,,,,,,,,,,,,,,,,,,,,,,,,,,,,,,,,,,,,,,,,,,,,,,,,,,,,
2023-05-08,-0.0019534047050102,0.0004286876233919,-0.0012913279395671,-0.0010481756466142,0.0036206269864574,-0.0032959058500632,-0.0027824457509329,0.0082566245837687,0.0023488840097509,,,,,,,,,,,,,,,,,,,,,,,,,,,,,,,,,,,,,,,,,,,,,,,,,,,,,,,,,,,,,,,,,,,,,,,,,,,,,,,,,,,,,,,,,,,,,,,,,,,,,,,,,,,,,,,,,,,,,,,,,,,,,,,,,,,,,,,,,,,,,,,,,,,,,,,,,,,,,,,,,,,,,,,,,,,,,,,,,,,,,,
2023-05-09,-0.0008015635364876,0.0009725392312487,-0.0036595746390515,0.0028454484581235,0.0008502338670479,0.0002152517336087,0.0016094843104639,0.0016348714867507,0.0020450419555786,,,,,,,,,,,,,,,,,,,,,,,,,,,,,,,,,,,,,,,,,,,,,,,,,,,,,,,,,,,,,,,,,,,,,,,,,,,,,,,,,,,,,,,,,,,,,,,,,,,,,,,,,,,,,,,,,,,,,,,,,,,,,,,,,,,,,,,,,,,,,,,,,,,,,,,,,,,,,,,,,,,,,,,,,,,,,,,,,,,,,,
2023-05-10,0.0012342706667239,0.0046423156254628,-0.0095339510930716,-0.0018102598408303,-0.0016504424940714,0.0004388983483497,-0.0010492230519667,-0.002601992265999,0.0050259054339052,,,,,,,,,,,,,,,,,,,,,,,,,,,,,,,,,,,,,,,,,,,,,,,,,,,,,,,,,,,,,,,,,,,,,,,,,,,,,,,,,,,,,,,,,,,,,,,,,,,,,,,,,,,,,,,,,,,,,,,,,,,,,,,,,,,,,,,,,,,,,,,,,,,,,,,,,,,,,,,,,,,,,,,,,,,,,,,,,,,,,,
2023-05-11,-0.0003386841034715,0.0028658821593158,-0.0075313431190813,0.0001951919621659,-0.0005675328892376,-0.0005306341733679,0.0004736073569756,-0.0030069506677705,0.0037371298886427,,,,,,,,,,,,,,,,,,,,,,,,,,,,,,,,,,,,,,,,,,,,,,,,,,,,,,,,,,,,,,,,,,,,,,,,,,,,,,,,,,,,,,,,,,,,,,,,,,,,,,,,,,,,,,,,,,,,,,,,,,,,,,,,,,,,,,,,,,,,,,,,,,,,,,,,,,,,,,,,,,,,,,,,,,,,,,,,,,,,,,
2023-05-12,0.0002295074261902,-0.0011172706855966,-0.0025747810766001,-0.0016107084602719,-0.002201935180114,0.0017576481660733,-0.0018040742657086,-0.0050108546832082,-0.0026397623363959,,,,,,,,,,,,,,,,,,,,,,,,,,,,,,,,,,,,,,,,,,,,,,,,,,,,,,,,,,,,,,,,,,,,,,,,,,,,,,,,,,,,,,,,,,,,,,,,,,,,,,,,,,,,,,,,,,,,,,,,,,,,,,,,,,,,,,,,,,,,,,,,,,,,,,,,,,,,,,,,,,,,,,,,,,,,,,,,,,,,,,
2023-05-15,-0.0003359363727212,-0.0013919855170204,-0.0040405131499926,-0.0012949638008805,-0.0010624284828736,0.000644173708269,-0.0017079300974571,0.001675673954184,-0.0020352213252738,,,,,,,,,,,,,,,,,,,,,,,,,,,,,,,,,,,,,,,,,,,,,,,,,,,,,,,,,,,,,,,,,,,,,,,,,,,,,,,,,,,,,,,,,,,,,,,,,,,,,,,,,,,,,,,,,,,,,,,,,,,,,,,,,,,,,,,,,,,,,,,,,,,,,,,,,,,,,,,,,,,,,,,,,,,,,,,,,,,,,,
2023-05-16,0.0006474651993131,0.0002172619465593,-0.0080674414798985,0.0006032558322814,0.0012160279627339,0.0002615884087071,0.0013353756184172,-0.0039119849249504,0.0003663698468482,,,,,,,,,,,,,,,,,,,,,,,,,,,,,,,,,,,,,,,,,,,,,,,,,,,,,,,,,,,,,,,,,,,,,,,,,,,,,,,,,,,,,,,,,,,,,,,,,,,,,,,,,,,,,,,,,,,,,,,,,,,,,,,,,,,,,,,,,,,,,,,,,,,,,,,,,,,,,,,,,,,,,,,,,,,,,,,,,,,,,,
2023-05-17,0.0011435331718216,0.002384920715679,-0.0012143492654052,-0.0012404725451727,-0.0004163596565256,-0.0005030757034997,0.0017137138819848,0.0029822220748308,0.0012002947200005,,,,,,,,,,,,,,,,,,,,,,,,,,,,,,,,,,,,,,,,,,,,,,,,,,,,,,,,,,,,,,,,,,,,,,,,,,,,,,,,,,,,,,,,,,,,,,,,,,,,,,,,,,,,,,,,,,,,,,,,,,,,,,,,,,,,,,,,,,,,,,,,,,,,,,,,,,,,,,,,,,,,,,,,,,,,,,,,,,,,,,
2023-05-18,-0.0015434673784534,-0.0043779281506592,0.0008193694868366,-0.0023909619539651,0.0012214783421049,0.001063013105968,0.0011811697412158,0.0023174047044481,0.000110233211668,,,,,,,,,,,,,,,,,,,,,,,,,,,,,,,,,,,,,,,,,,,,,,,,,,,,,,,,,,,,,,,,,,,,,,,,,,,,,,,,,,,,,,,,,,,,,,,,,,,,,,,,,,,,,,,,,,,,,,,,,,,,,,,,,,,,,,,,,,,,,,,,,,,,,,,,,,,,,,,,,,,,,,,,,,,,,,,,,,,,,,
2023-05-19,-0.0015245905087658,-4.8156496158783707e-05,0.0048491326977666,-0.0022637203607403,0.0032455589735221,0.0022619942080855,0.002088348228142,-0.0007041729169606,-0.002759600765309,,,,,,,,,,,,,,,,,,,,,,,,,,,,,,,,,,,,,,,,,,,,,,,,,,,,,,,,,,,,,,,,,,,,,,,,,,,,,,,,,,,,,,,,,,,,,,,,,,,,,,,,,,,,,,,,,,,,,,,,,,,,,,,,,,,,,,,,,,,,,,,,,,,,,,,,,,,,,,,,,,,,,,,,,,,,,,,,,,,,,,
2023-05-22,-0.0007133767488559,0.0033436735320208,0.0038470455225782,-0.0002937921075873,0.0013669265205609,-7.625414319842486e-05,0.0038029634989153,0.0035744657891893,-0.0007914052685687,,,,,,,,,,,,,,,,,,,,,,,,,,,,,,,,,,,,,,,,,,,,,,,,,,,,,,,,,,,,,,,,,,,,,,,,,,,,,,,,,,,,,,,,,,,,,,,,,,,,,,,,,,,,,,,,,,,,,,,,,,,,,,,,,,,,,,,,,,,,,,,,,,,,,,,,,,,,,,,,,,,,,,,,,,,,,,,,,,,,,,
2023-05-23,0.0006905186103502,-0.001646614479978,0.0065715316866193,-0.0001875863263632,-0.0007333557046588,-0.0021620059260327,-0.0024335629300778,0.0079377098997859,-0.0028940969846484,,,,,,,,,,,,,,,,,,,,,,,,,,,,,,,,,,,,,,,,,,,,,,,,,,,,,,,,,,,,,,,,,,,,,,,,,,,,,,,,,,,,,,,,,,,,,,,,,,,,,,,,,,,,,,,,,,,,,,,,,,,,,,,,,,,,,,,,,,,,,,,,,,,,,,,,,,,,,,,,,,,,,,,,,,,,,,,,,,,,,,
2023-05-24,0.0020545983043014,-0.0001022933925156,-0.0051254345426976,-0.0042538335063276,-0.0014393834162397,-0.002326746331553,-0.0052776444559457,0.0028572570416807,0.0040206988376982,,,,,,,,,,,,,,,,,,,,,,,,,,,,,,,,,,,,,,,,,,,,,,,,,,,,,,,,,,,,,,,,,,,,,,,,,,,,,,,,,,,,,,,,,,,,,,,,,,,,,,,,,,,,,,,,,,,,,,,,,,,,,,,,,,,,,,,,,,,,,,,,,,,,,,,,,,,,,,,,,,,,,,,,,,,,,,,,,,,,,,
2023-05-25,0.0004714039043861,-0.0022092009993242,-0.007124525910866,-0.0039781416728016,0.0012771444437523,-0.0017866726865035,-0.0012220950360121,-0.0006295136018023,0.0064757449055668,,,,,,,,,,,,,,,,,,,,,,,,,,,,,,,,,,,,,,,,,,,,,,,,,,,,,,,,,,,,,,,,,,,,,,,,,,,,,,,,,,,,,,,,,,,,,,,,,,,,,,,,,,,,,,,,,,,,,,,,,,,,,,,,,,,,,,,,,,,,,,,,,,,,,,,,,,,,,,,,,,,,,,,,,,,,,,,,,,,,,,
2023-05-26,0.0029394931261044,0.0043829663777402,-0.0005066441579961,0.001138683271728,0.0004047089470905,-0.000577063976771,0.0036720339082601,-0.0026481218896307,-0.0036122098134457,,,,,,,,,,,,,,,,,,,,,,,,,,,,,,,,,,,,,,,,,,,,,,,,,,,,,,,,,,,,,,,,,,,,,,,,,,,,,,,,,,,,,,,,,,,,,,,,,,,,,,,,,,,,,,,,,,,,,,,,,,,,,,,,,,,,,,,,,,,,,,,,,,,,,,,,,,,,,,,,,,,,,,,,,,,,,,,,,,,,,,
2023-05-29,0.0055813853555025,-0.0060120908380143,-0.0061046387711458,-0.001789079695778,-0.003079261350277,-0.0043749091295862,9.2281372595343e-05,0.0006030152087144,0.0032279531956433,,,,,,,,,,,,,,,,,,,,,,,,,,,,,,,,,,,,,,,,,,,,,,,,,,,,,,,,,,,,,,,,,,,,,,,,,,,,,,,,,,,,,,,,,,,,,,,,,,,,,,,,,,,,,,,,,,,,,,,,,,,,,,,,,,,,,,,,,,,,,,,,,,,,,,,,,,,,,,,,,,,,,,,,,,,,,,,,,,,,,,
2023-05-30,0.003434519709034,0.006141235615311,-0.0060201657110838,-0.0009969519290044,-0.000592842882395,0.0030712550253606,-0.0006930429111539,0.00476263333342,0.0049092558477843,,,,,,,,,,,,,,,,,,,,,,,,,,,,,,,,,,,,,,,,,,,,,,,,,,,,,,,,,,,,,,,,,,,,,,,,,,,,,,,,,,,,,,,,,,,,,,,,,,,,,,,,,,,,,,,,,,,,,,,,,,,,,,,,,,,,,,,,,,,,,,,,,,,,,,,,,,,,,,,,,,,,,,,,,,,,,,,,,,,,,,
2023-05-31,0.0019603604201953,-0.0006634215057624,0.0020129889511474,0.0038216247784967,0.0009934512746001,-0.0011275155776248,-0.0016499389715857,0.0033039283867557,0.0010191768420274,,,,,,,,,,,,,,,,,,,,,,,,,,,,,,,,,,,,,,,,,,,,,,,,,,,,,,,,,,,,,,,,,,,,,,,,,,,,,,,,,,,,,,,,,,,,,,,,,,,,,,,,,,,,,,,,,,,,,,,,,,,,,,,,,,,,,,,,,,,,,,,,,,,,,,,,,,,,,,,,,,,,,,,,,,,,,,,,,,,,,,
2023-06-01,0.0001792134634777,-0.001811771420351,-0.0004186019903754,-0.0004424256452967,0.0006710389336006,0.0007589073365317,0.0028177793806622,7.994678755072903e-05,0.0031328208935362,,,,,,,,,,,,,,,,,,,,,,,,,,,,,,,,,,,,,,,,,,,,,,,,,,,,,,,,,,,,,,,,,,,,,,,,,,,,,,,,,,,,,,,,,,,,,,,,,,,,,,,,,,,,,,,,,,,,,,,,,,,,,,,,,,,,,,,,,,,,,,,,,,,,,,,,,,,,,,,,,,,,,,,,,,,,,,,,,,,,,,
2023-06-02,3.0745623946668195e-05,-0.0053370241249686,-0.0008640026519166,-0.000248935318173,0.0020680103239915,-0.0030098375161651,0.0004189306221804,0.0011330749631009,-0.001291173162032,,,,,,,,,,,,,,,,,,,,,,,,,,,,,,,,,,,,,,,,,,,,,,,,,,,,,,,,,,,,,,,,,,,,,,,,,,,,,,,,,,,,,,,,,,,,,,,,,,,,,,,,,,,,,,,,,,,,,,,,,,,,,,,,,,,,,,,,,,,,,,,,,,,,,,,,,,,,,,,,,,,,,,,,,,,,,,,,,,,,,,
2023-06-05,0.0002325776545172,0.0028313007332299,-0.0019396903775569,0.0034620892509394,-0.000349797834182,0.0010333944903819,-0.0016471774533644,-0.0031829474886678,0.0023819752378158,,,,,,,,,,,,,,,,,,,,,,,,,,,,,,,,,,,,,,,,,,,,,,,,,,,,,,,,,,,,,,,,,,,,,,,,,,,,,,,,,,,,,,,,,,,,,,,,,,,,,,,,,,,,,,,,,,,,,,,,,,,,,,,,,,,,,,,,,,,,,,,,,,,,,,,,,,,,,,,,,,,,,,,,,,,,,,,,,,,,,,
2023-06-06,0.0007077860387029,0.0023362696191089,0.0028969159771807,0.0014822929260103,-0.0009502359097072,-0.0028293203387107,-0.0009750591863148,0.005425182363071,0.0003542297950018,,,,,,,,,,,,,,,,,,,,,,,,,,,,,,,,,,,,,,,,,,,,,,,,,,,,,,,,,,,,,,,,,,,,,,,,,,,,,,,,,,,,,,,,,,,,,,,,,,,,,,,,,,,,,,,,,,,,,,,,,,,,,,,,,,,,,,,,,,,,,,,,,,,,,,,,,,,,,,,,,,,,,,,,,,,,,,,,,,,,,,
2023-06-07,0.0011742847876442,-0.001219545942518,5.82593525937065e-05,0.001463986684397,0.0002926092337439,-9.967429127605366e-05,-0.0003755361213647,0.0014261350044273,0.0014937087334896,,,,,,,,,,,,,,,,,,,,,,,,,,,,,,,,,,,,,,,,,,,,,,,,,,,,,,,,,,,,,,,,,,,,,,,,,,,,,,,,,,,,,,,,,,,,,,,,,,,,,,,,,,,,,,,,,,,,,,,,,,,,,,,,,,,,,,,,,,,,,,,,,,,,,,,,,,,,,,,,,,,,,,,,,,,,,,,,,,,,,,
2023-06-08,0.0025083820137283,0.0032073651387302,0.0002310698949903,-0.0014031918824064,0.0023454740560763,-0.0014920989034788,-0.000886456111991,0.0037424445898112,0.0027633494909822,,,,,,,,,,,,,,,,,,,,,,,,,,,,,,,,,,,,,,,,,,,,,,,,,,,,,,,,,,,,,,,,,,,,,,,,,,,,,,,,,,,,,,,,,,,,,,,,,,,,,,,,,,,,,,,,,,,,,,,,,,,,,,,,,,,,,,,,,,,,,,,,,,,,,,,,,,,,,,,,,,,,,,,,,,,,,,,,,,,,,,
2023-06-09,0.0003032774526921,0.0003279022097896,0.0051699350117794,-0.0006250394561767,-0.0001874086630911,0.0021928241823768,-0.0001089524262101,0.0026223673619952,-0.003061720433729,,,,,,,,,,,,,,,,,,,,,,,,,,,,,,,,,,,,,,,,,,,,,,,,,,,,,,,,,,,,,,,,,,,,,,,,,,,,,,,,,,,,,,,,,,,,,,,,,,,,,,,,,,,,,,,,,,,,,,,,,,,,,,,,,,,,,,,,,,,,,,,,,,,,,,,,,,,,,,,,,,,,,,,,,,,,,,,,,,,,,,
2023-06-12,0.0012017478513654,0.002641958208849,-0.0027908485762491,-0.0033991825373249,-0.0001789372415662,0.0016221260305446,0.0004289090000392,-9.372761937696362e-05,-0.0029382600367923,,,,,,,,,,,,,,,,,,,,,,,,,,,,,,,,,,,,,,,,,,,,,,,,,,,,,,,,,,,,,,,,,,,,,,,,,,,,,,,,,,,,,,,,,,,,,,,,,,,,,,,,,,,,,,,,,,,,,,,,,,,,,,,,,,,,,,,,,,,,,,,,,,,,,,,,,,,,,,,,,,,,,,,,,,,,,,,,,,,,,,
2023-06-13,0.0032888482727721,0.0004555252157687,-0.0083595931868738,-0.0017506103129014,-0.0012881398156593,0.0024130008338138,0.0016729173533698,-0.0003629881525774,0.0006273889235007,,,,,,,,,,,,,,,,,,,,,,,,,,,,,,,,,,,,,,,,,,,,,,,,,,,,,,,,,,,,,,,,,,,,,,,,,,,,,,,,,,,,,,,,,,,,,,,,,,,,,,,,,,,,,,,,,,,,,,,,,,,,,,,,,,,,,,,,,,,,,,,,,,,,,,,,,,,,,,,,,,,,,,,,,,,,,,,,,,,,,,
2023-06-14,0.0018676660298946,0.0018417564103519,-0.0010334546191409,-0.0007503759674625,-0.0001845154075308,0.0045226412240341,-7.560851871741512e-05,-0.0036888853618503,0.0010190063414277,,,,,,,,,,,,,,,,,,,,,,,,,,,,,,,,,,,,,,,,,,,,,,,,,,,,,,,,,,,,,,,,,,,,,,,,,,,,,,,,,,,,,,,,,,,,,,,,,,,,,,,,,,,,,,,,,,,,,,,,,,,,,,,,,,,,,,,,,,,,,,,,,,,,,,,,,,,,,,,,,,,,,,,,,,,,,,,,,,,,,,
2023-06-15,-0.0004001876379859,-0.0013605934755821,0.0079865575178037,0.0016673352999408,-6.567448443591035e-05,-0.0003868343429111,-0.0025284400550178,-0.0017380087660921,-0.0054610158620852,,,,,,,,,,,,,,,,,,,,,,,,,,,,,,,,,,,,,,,,,,,,,,,,,,,,,,,,,,,,,,,,,,,,,,,,,,,,,,,,,,,,,,,,,,,,,,,,,,,,,,,,,,,,,,,,,,,,,,,,,,,,,,,,,,,,,,,,,,,,,,,,,,,,,,,,,,,,,,,,,,,,,,,,,,,,,,,,,,,,,,
2023-06-16,-0.0016928724139599,-0.0017234164527566,0.0031351886988248,0.0019208946518576,0.0007251889481062,0.0004332966189041,-0.0020049836339004,-0.0044839948605558,-0.0043304372520489,,,,,,,,,,,,,,,,,,,,,,,,,,,,,,,,,,,,,,,,,,,,,,,,,,,,,,,,,,,,,,,,,,,,,,,,,,,,,,,,,,,,,,,,,,,,,,,,,,,,,,,,,,,,,,,,,,,,,,,,,,,,,,,,,,,,,,,,,,,,,,,,,,,,,,,,,,,,,,,,,,,,,,,,,,,,,,,,,,,,,,
2023-06-19,-4.049863689734682e-06,-0.0003901786241668,-0.0082702414941036,0.0010527607598342,0.0010050295216114,0.0003712476187153,0.0019116399205819,-0.0052262642643167,0.0036562949476509,,,,,,,,,,,,,,,,,,,,,,,,,,,,,,,,,,,,,,,,,,,,,,,,,,,,,,,,,,,,,,,,,,,,,,,,,,,,,,,,,,,,,,,,,,,,,,,,,,,,,,,,,,,,,,,,,,,,,,,,,,,,,,,,,,,,,,,,,,,,,,,,,,,,,,,,,,,,,,,,,,,,,,,,,,,,,,,,,,,,,,
2023-06-20,0.00153523431528,-0.0025493933643185,-0.0055831992222802,-0.0029393286194291,0.0026909069389896,-0.0012263053949979,0.0005532514113875,-0.0003712214164547,4.985176098036614e-05,,,,,,,,,,,,,,,,,,,,,,,,,,,,,,,,,,,,,,,,,,,,,,,,,,,,,,,,,,,,,,,,,,,,,,,,,,,,,,,,,,,,,,,,,,,,,,,,,,,,,,,,,,,,,,,,,,,,,,,,,,,,,,,,,,,,,,,,,,,,,,,,,,,,,,,,,,,,,,,,,,,,,,,,,,,,,,,,,,,,,,
2023-06-21,-0.000872881760335,0.0021874108887447,-0.0001769699996268,-0.0004468672032285,0.0014603003754716,0.0028995122041244,-0.0013431791913444,-0.0020393119942445,-0.0021289715014919,,,,,,,,,,,,,,,,,,,,,,,,,,,,,,,,,,,,,,,,,,,,,,,,,,,,,,,,,,,,,,,,,,,,,,,,,,,,,,,,,,,,,,,,,,,,,,,,,,,,,,,,,,,,,,,,,,,,,,,,,,,,,,,,,,,,,,,,,,,,,,,,,,,,,,,,,,,,,,,,,,,,,,,,,,,,,,,,,,,,,,
2023-06-26,-0.0014272586619613,0.0015655904492916,0.0007726843551015,-0.0013910210902227,0.0004667945288177,-0.0006268858114288,0.0012804998979012,-0.0022474423073466,-0.0009699659597028,,,,,,,,,,,,,,,,,,,,,,,,,,,,,,,,,,,,,,,,,,,,,,,,,,,,,,,,,,,,,,,,,,,,,,,,,,,,,,,,,,,,,,,,,,,,,,,,,,,,,,,,,,,,,,,,,,,,,,,,,,,,,,,,,,,,,,,,,,,,,,,,,,,,,,,,,,,,,,,,,,,,,,,,,,,,,,,,,,,,,,
2023-06-27,0.0016720654805247,0.0007721856054175,0.0045108985319228,0.0027030131477718,-0.0008779784309336,0.0028382290949732,0.0005699893915101,0.0018127112952696,-0.0007596676883578,,,,,,,,,,,,,,,,,,,,,,,,,,,,,,,,,,,,,,,,,,,,,,,,,,,,,,,,,,,,,,,,,,,,,,,,,,,,,,,,,,,,,,,,,,,,,,,,,,,,,,,,,,,,,,,,,,,,,,,,,,,,,,,,,,,,,,,,,,,,,,,,,,,,,,,,,,,,,,,,,,,,,,,,,,,,,,,,,,,,,,
2023-06-28,0.0039663296740701,0.0057216665225001,-0.0103411488015676,0.0028696150964531,0.0021368774400568,-0.0011549893737382,-0.001152910896832,0.0009290872132547,0.0037948469207912,,,,,,,,,,,,,,,,,,,,,,,,,,,,,,,,,,,,,,,,,,,,,,,,,,,,,,,,,,,,,,,,,,,,,,,,,,,,,,,,,,,,,,,,,,,,,,,,,,,,,,,,,,,,,,,,,,,,,,,,,,,,,,,,,,,,,,,,,,,,,,,,,,,,,,,,,,,,,,,,,,,,,,,,,,,,,,,,,,,,,,
2023-06-29,0.0015464151100547,-0.0066253592723376,-0.0068360259137594,-0.0007796067518718,0.0015792801682038,0.0018719204053425,-0.0016574123491493,0.001091373453213,0.0022175697477067,,,,,,,,,,,,,,,,,,,,,,,,,,,,,,,,,,,,,,,,,,,,,,,,,,,,,,,,,,,,,,,,,,,,,,,,,,,,,,,,,,,,,,,,,,,,,,,,,,,,,,,,,,,,,,,,,,,,,,,,,,,,,,,,,,,,,,,,,,,,,,,,,,,,,,,,,,,,,,,,,,,,,,,,,,,,,,,,,,,,,,
2023-06-30,0.00244085843607,0.0026862331838455,3.896272289669618e-05,-0.0024248773096003,0.0002179864098878,-8.373917267708013e-05,-0.0016869849390851,-0.0017707984564584,-0.0045500293933253,,,,,,,,,,,,,,,,,,,,,,,,,,,,,,,,,,,,,,,,,,,,,,,,,,,,,,,,,,,,,,,,,,,,,,,,,,,,,,,,,,,,,,,,,,,,,,,,,,,,,,,,,,,,,,,,,,,,,,,,,,,,,,,,,,,,,,,,,,,,,,,,,,,,,,,,,,,,,,,,,,,,,,,,,,,,,,,,,,,,,,
2023-07-03,0.0015135118635434,0.0015217265415051,-0.0004865296496334,-0.000539127033403,0.0002487183202409,-0.0010485900207381,0.0005059286528711,-0.0032281446598966,0.0001391664839849,,,,,,,,,,,,,,,,,,,,,,,,,,,,,,,,,,,,,,,,,,,,,,,,,,,,,,,,,,,,,,,,,,,,,,,,,,,,,,,,,,,,,,,,,,,,,,,,,,,,,,,,,,,,,,,,,,,,,,,,,,,,,,,,,,,,,,,,,,,,,,,,,,,,,,,,,,,,,,,,,,,,,,,,,,,,,,,,,,,,,,
2023-07-04,0.0006612739388064,0.0002229517433376,0.0010499270408311,-0.0003130055530095,1.0401218959779396e-05,0.0001696957308012,-0.0021517700077391,0.0017303163581691,0.0003682491267778,,,,,,,,,,,,,,,,,,,,,,,,,,,,,,,,,,,,,,,,,,,,,,,,,,,,,,,,,,,,,,,,,,,,,,,,,,,,,,,,,,,,,,,,,,,,,,,,,,,,,,,,,,,,,,,,,,,,,,,,,,,,,,,,,,,,,,,,,,,,,,,,,,,,,,,,,,,,,,,,,,,,,,,,,,,,,,,,,,,,,,
2023-07-05,0.0010089965246487,0.0001521305004681,-0.0021994610612669,-0.0010100995149329,0.0014315547709344,-0.0020358777137025,-0.0049627100126463,0.0017015854294701,0.00149172336352,,,,,,,,,,,,,,,,,,,,,,,,,,,,,,,,,,,,,,,,,,,,,,,,,,,,,,,,,,,,,,,,,,,,,,,,,,,,,,,,,,,,,,,,,,,,,,,,,,,,,,,,,,,,,,,,,,,,,,,,,,,,,,,,,,,,,,,,,,,,,,,,,,,,,,,,,,,,,,,,,,,,,,,,,,,,,,,,,,,,,,
2023-07-06,0.0006071732252883,0.0010513666908574,0.0017487588174689,0.0003986788914659,5.311786637452806e-06,0.0026284028290039,-0.0007305502465947,-0.0008926838198042,0.002656350970223,,,,,,,,,,,,,,,,,,,,,,,,,,,,,,,,,,,,,,,,,,,,,,,,,,,,,,,,,,,,,,,,,,,,,,,,,,,,,,,,,,,,,,,,,,,,,,,,,,,,,,,,,,,,,,,,,,,,,,,,,,,,,,,,,,,,,,,,,,,,,,,,,,,,,,,,,,,,,,,,,,,,,,,,,,,,,,,,,,,,,,
2023-07-07,0.0002620903769602,-0.000578794680801,0.0005287675312851,0.000555155327547,-0.0001145288810742,-0.0006682423132054,-0.0018161414064312,-0.0037011155139028,-0.0016911802410439,,,,,,,,,,,,,,,,,,,,,,,,,,,,,,,,,,,,,,,,,,,,,,,,,,,,,,,,,,,,,,,,,,,,,,,,,,,,,,,,,,,,,,,,,,,,,,,,,,,,,,,,,,,,,,,,,,,,,,,,,,,,,,,,,,,,,,,,,,,,,,,,,,,,,,,,,,,,,,,,,,,,,,,,,,,,,,,,,,,,,,
2023-07-10,-0.0022074883956019,-0.0017984535611557,-0.0009043261188452,2.1608924087303115e-05,0.0006575977951247,-0.0010013821315632,0.0021031206294176,-0.0026102536681374,-0.0020894690754599,,,,,,,,,,,,,,,,,,,,,,,,,,,,,,,,,,,,,,,,,,,,,,,,,,,,,,,,,,,,,,,,,,,,,,,,,,,,,,,,,,,,,,,,,,,,,,,,,,,,,,,,,,,,,,,,,,,,,,,,,,,,,,,,,,,,,,,,,,,,,,,,,,,,,,,,,,,,,,,,,,,,,,,,,,,,,,,,,,,,,,
2023-07-11,0.0007082803155186,1.70807875876331e-05,-0.0022829129461079,-0.0005336775963351,-0.0018781462003204,0.0015395325110812,-0.0006710347683336,0.0016235142511944,0.0032087128108817,,,,,,,,,,,,,,,,,,,,,,,,,,,,,,,,,,,,,,,,,,,,,,,,,,,,,,,,,,,,,,,,,,,,,,,,,,,,,,,,,,,,,,,,,,,,,,,,,,,,,,,,,,,,,,,,,,,,,,,,,,,,,,,,,,,,,,,,,,,,,,,,,,,,,,,,,,,,,,,,,,,,,,,,,,,,,,,,,,,,,,
2023-07-12,0.001107278021547,-0.000824462861442,0.003442651409093,0.0017933989688882,-0.0011954654746107,0.0001483880830227,-0.000476165061882,0.0030468931206646,-0.0007004996640675,,,,,,,,,,,,,,,,,,,,,,,,,,,,,,,,,,,,,,,,,,,,,,,,,,,,,,,,,,,,,,,,,,,,,,,,,,,,,,,,,,,,,,,,,,,,,,,,,,,,,,,,,,,,,,,,,,,,,,,,,,,,,,,,,,,,,,,,,,,,,,,,,,,,,,,,,,,,,,,,,,,,,,,,,,,,,,,,,,,,,,
2023-07-13,-0.0002450620286706,0.0010396265041576,0.0022104178478883,0.0012908613459763,0.0011340432175597,-0.0011239267642617,-0.0017635367602944,-0.0005660262320503,-0.0005415863622282,,,,,,,,,,,,,,,,,,,,,,,,,,,,,,,,,,,,,,,,,,,,,,,,,,,,,,,,,,,,,,,,,,,,,,,,,,,,,,,,,,,,,,,,,,,,,,,,,,,,,,,,,,,,,,,,,,,,,,,,,,,,,,,,,,,,,,,,,,,,,,,,,,,,,,,,,,,,,,,,,,,,,,,,,,,,,,,,,,,,,,
2023-07-14,-0.0005999565819709,-0.0002804131717909,-0.0003989295263013,9.925221911553396e-05,0.0018508887878131,-0.0022972206083659,-0.0005290776526451,0.0014392363462345,0.0024296152766599,,,,,,,,,,,,,,,,,,,,,,,,,,,,,,,,,,,,,,,,,,,,,,,,,,,,,,,,,,,,,,,,,,,,,,,,,,,,,,,,,,,,,,,,,,,,,,,,,,,,,,,,,,,,,,,,,,,,,,,,,,,,,,,,,,,,,,,,,,,,,,,,,,,,,,,,,,,,,,,,,,,,,,,,,,,,,,,,,,,,,,
2023-07-17,-0.0004727451576482,-0.0018830620700703,-0.002085242579231,-0.0018740302387109,0.0015290835867111,0.0002107304624387,-0.0010256600500059,0.0004934282847271,0.0015111176813793,,,,,,,,,,,,,,,,,,,,,,,,,,,,,,,,,,,,,,,,,,,,,,,,,,,,,,,,,,,,,,,,,,,,,,,,,,,,,,,,,,,,,,,,,,,,,,,,,,,,,,,,,,,,,,,,,,,,,,,,,,,,,,,,,,,,,,,,,,,,,,,,,,,,,,,,,,,,,,,,,,,,,,,,,,,,,,,,,,,,,,
2023-07-18,-0.0004103635171994,0.0016206436107912,0.0037467423341001,3.88763802789141e-05,-0.0006062741635147,0.0003798565370693,0.0012974837504124,0.0027886178112671,-0.0032319442753818,,,,,,,,,,,,,,,,,,,,,,,,,,,,,,,,,,,,,,,,,,,,,,,,,,,,,,,,,,,,,,,,,,,,,,,,,,,,,,,,,,,,,,,,,,,,,,,,,,,,,,,,,,,,,,,,,,,,,,,,,,,,,,,,,,,,,,,,,,,,,,,,,,,,,,,,,,,,,,,,,,,,,,,,,,,,,,,,,,,,,,
2023-07-19,0.0006623735709164,0.0008521656557167,0.002824619474723,0.001020038338214,0.0008973836170776,-0.0016515870522818,0.0026557288040012,0.001621833063257,-0.0005847381467039,,,,,,,,,,,,,,,,,,,,,,,,,,,,,,,,,,,,,,,,,,,,,,,,,,,,,,,,,,,,,,,,,,,,,,,,,,,,,,,,,,,,,,,,,,,,,,,,,,,,,,,,,,,,,,,,,,,,,,,,,,,,,,,,,,,,,,,,,,,,,,,,,,,,,,,,,,,,,,,,,,,,,,,,,,,,,,,,,,,,,,
2023-07-20,-4.95734239548096e-05,0.0017283133110759,0.0033336052524802,-0.0014804124105075,0.002262927185046,0.0013630123258668,0.0003638615045394,0.0006850217350934,0.0007811304712977,,,,,,,,,,,,,,,,,,,,,,,,,,,,,,,,,,,,,,,,,,,,,,,,,,,,,,,,,,,,,,,,,,,,,,,,,,,,,,,,,,,,,,,,,,,,,,,,,,,,,,,,,,,,,,,,,,,,,,,,,,,,,,,,,,,,,,,,,,,,,,,,,,,,,,,,,,,,,,,,,,,,,,,,,,,,,,,,,,,,,,
2023-07-21,-0.0005736482588976,0.0014377899146145,0.0005586758843034,0.0006406561142257,-0.0007847437916881,-0.002294844091369,-0.0001708268713943,-0.0036968731563073,-0.0004023649242038,,,,,,,,,,,,,,,,,,,,,,,,,,,,,,,,,,,,,,,,,,,,,,,,,,,,,,,,,,,,,,,,,,,,,,,,,,,,,,,,,,,,,,,,,,,,,,,,,,,,,,,,,,,,,,,,,,,,,,,,,,,,,,,,,,,,,,,,,,,,,,,,,,,,,,,,,,,,,,,,,,,,,,,,,,,,,,,,,,,,,,
2023-07-24,-0.0017415024471652,-0.0012575618249125,-0.0033713515790181,0.0003409794883143,0.000940098304967,5.905524923230908e-05,-0.0018949249934862,-0.0019898773681448,-0.000221328994263,,,,,,,,,,,,,,,,,,,,,,,,,,,,,,,,,,,,,,,,,,,,,,,,,,,,,,,,,,,,,,,,,,,,,,,,,,,,,,,,,,,,,,,,,,,,,,,,,,,,,,,,,,,,,,,,,,,,,,,,,,,,,,,,,,,,,,,,,,,,,,,,,,,,,,,,,,,,,,,,,,,,,,,,,,,,,,,,,,,,,,
2023-07-25,-0.0001311940501985,0.0001405054903523,0.0019567588326397,-0.0022632325544123,-0.0004499525864259,-0.0016794866447982,-0.0003248560496752,-0.000271294540323,-0.0045420608599989,,,,,,,,,,,,,,,,,,,,,,,,,,,,,,,,,,,,,,,,,,,,,,,,,,,,,,,,,,,,,,,,,,,,,,,,,,,,,,,,,,,,,,,,,,,,,,,,,,,,,,,,,,,,,,,,,,,,,,,,,,,,,,,,,,,,,,,,,,,,,,,,,,,,,,,,,,,,,,,,,,,,,,,,,,,,,,,,,,,,,,
2023-07-26,0.0004212886646995,0.0010193700766447,-0.0013807126729436,-0.0007282811272498,-0.0017248572581087,-0.0007737470840422,0.0011785437929886,-0.0016278743870306,-0.0018858047361998,,,,,,,,,,,,,,,,,,,,,,,,,,,,,,,,,,,,,,,,,,,,,,,,,,,,,,,,,,,,,,,,,,,,,,,,,,,,,,,,,,,,,,,,,,,,,,,,,,,,,,,,,,,,,,,,,,,,,,,,,,,,,,,,,,,,,,,,,,,,,,,,,,,,,,,,,,,,,,,,,,,,,,,,,,,,,,,,,,,,,,
2023-07-27,0.0006526124933096,-0.0017737625827279,-0.0052946196758829,0.0003903009404832,-0.0008045362295622,-0.0017072489393357,0.0009145644839798,0.0001061281128545,0.0023247727943847,,,,,,,,,,,,,,,,,,,,,,,,,,,,,,,,,,,,,,,,,,,,,,,,,,,,,,,,,,,,,,,,,,,,,,,,,,,,,,,,,,,,,,,,,,,,,,,,,,,,,,,,,,,,,,,,,,,,,,,,,,,,,,,,,,,,,,,,,,,,,,,,,,,,,,,,,,,,,,,,,,,,,,,,,,,,,,,,,,,,,,
2023-07-28,-0.000108604953816,-3.872965594998356e-05,-0.0059161140433204,-0.0006419518872064,0.0003956532695541,0.0006756990664317,-0.0027001828674696,-0.0037040053775575,0.0014914986814504,,,,,,,,,,,,,,,,,,,,,,,,,,,,,,,,,,,,,,,,,,,,,,,,,,,,,,,,,,,,,,,,,,,,,,,,,,,,,,,,,,,,,,,,,,,,,,,,,,,,,,,,,,,,,,,,,,,,,,,,,,,,,,,,,,,,,,,,,,,,,,,,,,,,,,,,,,,,,,,,,,,,,,,,,,,,,,,,,,,,,,
2023-07-31,-0.0005390510542815,-0.0016167471674207,0.0011076192044472,0.0006080661183428,-0.0019470760717201,0.0002498911820002,0.0013286954149565,0.0004982713619693,0.0012899208933014,,,,,,,,,,,,,,,,,,,,,,,,,,,,,,,,,,,,,,,,,,,,,,,,,,,,,,,,,,,,,,,,,,,,,,,,,,,,,,,,,,,,,,,,,,,,,,,,,,,,,,,,,,,,,,,,,,,,,,,,,,,,,,,,,,,,,,,,,,,,,,,,,,,,,,,,,,,,,,,,,,,,,,,,,,,,,,,,,,,,,,
2023-08-01,-0.0004162869765021,-0.0008479855828795,5.740633099732503e-05,0.0011866047941342,-0.0004927468260728,-0.000324076836466,-0.0016783276080996,-0.0006656081660955,0.0003268973299606,,,,,,,,,,,,,,,,,,,,,,,,,,,,,,,,,,,,,,,,,,,,,,,,,,,,,,,,,,,,,,,,,,,,,,,,,,,,,,,,,,,,,,,,,,,,,,,,,,,,,,,,,,,,,,,,,,,,,,,,,,,,,,,,,,,,,,,,,,,,,,,,,,,,,,,,,,,,,,,,,,,,,,,,,,,,,,,,,,,,,,
2023-08-02,-0.0002950433901652,0.0026465671682526,0.0008207955708303,-0.001743216996879,0.0014887440331147,-0.0022341903906752,8.222713488126749e-05,-0.0009768597213399,-0.0024113449958387,,,,,,,,,,,,,,,,,,,,,,,,,,,,,,,,,,,,,,,,,,,,,,,,,,,,,,,,,,,,,,,,,,,,,,,,,,,,,,,,,,,,,,,,,,,,,,,,,,,,,,,,,,,,,,,,,,,,,,,,,,,,,,,,,,,,,,,,,,,,,,,,,,,,,,,,,,,,,,,,,,,,,,,,,,,,,,,,,,,,,,
2023-08-03,0.0002332773100565,0.0001062478207856,0.0023792921376913,-0.0024280625721182,0.0018198277871415,0.0011303402809991,-0.000546898768873,-0.0013349384272238,-0.0019887269331067,,,,,,,,,,,,,,,,,,,,,,,,,,,,,,,,,,,,,,,,,,,,,,,,,,,,,,,,,,,,,,,,,,,,,,,,,,,,,,,,,,,,,,,,,,,,,,,,,,,,,,,,,,,,,,,,,,,,,,,,,,,,,,,,,,,,,,,,,,,,,,,,,,,,,,,,,,,,,,,,,,,,,,,,,,,,,,,,,,,,,,
2023-08-04,0.0001322067412602,-0.0009910150415551,-0.0023097460556937,-0.0018412501828887,-0.0001653570021868,0.0006355698264679,-0.0008688802842527,0.002152313976234,0.00223525506081,,,,,,,,,,,,,,,,,,,,,,,,,,,,,,,,,,,,,,,,,,,,,,,,,,,,,,,,,,,,,,,,,,,,,,,,,,,,,,,,,,,,,,,,,,,,,,,,,,,,,,,,,,,,,,,,,,,,,,,,,,,,,,,,,,,,,,,,,,,,,,,,,,,,,,,,,,,,,,,,,,,,,,,,,,,,,,,,,,,,,,
2023-08-07,0.0004456898871546,0.0017953708013103,-0.0046003311151184,0.0010628291839119,-0.0003575082164837,-0.000945289116318,-0.001419491669231,0.0047927875834169,0.0015226980233854,,,,,,,,,,,,,,,,,,,,,,,,,,,,,,,,,,,,,,,,,,,,,,,,,,,,,,,,,,,,,,,,,,,,,,,,,,,,,,,,,,,,,,,,,,,,,,,,,,,,,,,,,,,,,,,,,,,,,,,,,,,,,,,,,,,,,,,,,,,,,,,,,,,,,,,,,,,,,,,,,,,,,,,,,,,,,,,,,,,,,,
2023-08-08,-0.001370323797445,-0.0010196025764233,0.0011163402166057,0.0002716539605721,0.0021517317981707,-0.0003919043169271,0.0014550658562064,0.001846385519905,-0.000408262831047,,,,,,,,,,,,,,,,,,,,,,,,,,,,,,,,,,,,,,,,,,,,,,,,,,,,,,,,,,,,,,,,,,,,,,,,,,,,,,,,,,,,,,,,,,,,,,,,,,,,,,,,,,,,,,,,,,,,,,,,,,,,,,,,,,,,,,,,,,,,,,,,,,,,,,,,,,,,,,,,,,,,,,,,,,,,,,,,,,,,,,
2023-08-09,-1.2593886472865002e-06,0.001974032553476,-0.0011942759045908,-0.0027467148697022,0.0024672055520617,0.0012597895822517,0.0018609611095473,0.0006431591428535,0.001443573101537,,,,,,,,,,,,,,,,,,,,,,,,,,,,,,,,,,,,,,,,,,,,,,,,,,,,,,,,,,,,,,,,,,,,,,,,,,,,,,,,,,,,,,,,,,,,,,,,,,,,,,,,,,,,,,,,,,,,,,,,,,,,,,,,,,,,,,,,,,,,,,,,,,,,,,,,,,,,,,,,,,,,,,,,,,,,,,,,,,,,,,
2023-08-10,-0.0004570915924243,0.0006821793968597,-0.0030162779795754,-0.0011346350173326,0.0008124745610719,0.0016632962841311,-0.0002674265477782,-0.002390826672821,0.0007122378095685,,,,,,,,,,,,,,,,,,,,,,,,,,,,,,,,,,,,,,,,,,,,,,,,,,,,,,,,,,,,,,,,,,,,,,,,,,,,,,,,,,,,,,,,,,,,,,,,,,,,,,,,,,,,,,,,,,,,,,,,,,,,,,,,,,,,,,,,,,,,,,,,,,,,,,,,,,,,,,,,,,,,,,,,,,,,,,,,,,,,,,
2023-08-11,-0.0020125149395943,0.0046764463085592,-0.0028939437743084,-0.000769081684542,0.0003885390462176,0.0012131835105578,0.0002300462836193,-0.0055632473617715,7.997986777280915e-05,,,,,,,,,,,,,,,,,,,,,,,,,,,,,,,,,,,,,,,,,,,,,,,,,,,,,,,,,,,,,,,,,,,,,,,,,,,,,,,,,,,,,,,,,,,,,,,,,,,,,,,,,,,,,,,,,,,,,,,,,,,,,,,,,,,,,,,,,,,,,,,,,,,,,,,,,,,,,,,,,,,,,,,,,,,,,,,,,,,,,,
2023-08-14,-0.0008229897401367,-0.0045361740877357,0.0016500856188608,-0.0015268197193521,0.0015111370356751,-0.0004213054295269,-0.0001165898826647,0.0019048564537058,-6.253059389253515e-05,,,,,,,,,,,,,,,,,,,,,,,,,,,,,,,,,,,,,,,,,,,,,,,,,,,,,,,,,,,,,,,,,,,,,,,,,,,,,,,,,,,,,,,,,,,,,,,,,,,,,,,,,,,,,,,,,,,,,,,,,,,,,,,,,,,,,,,,,,,,,,,,,,,,,,,,,,,,,,,,,,,,,,,,,,,,,,,,,,,,,,
2023-08-15,-0.0019508124254828,0.0006021088921835,0.0014656851395927,0.000186990755472,0.0006786498336869,-0.0006656935490295,-0.00019969258235,0.0048750648311411,-0.001119403905636,,,,,,,,,,,,,,,,,,,,,,,,,,,,,,,,,,,,,,,,,,,,,,,,,,,,,,,,,,,,,,,,,,,,,,,,,,,,,,,,,,,,,,,,,,,,,,,,,,,,,,,,,,,,,,,,,,,,,,,,,,,,,,,,,,,,,,,,,,,,,,,,,,,,,,,,,,,,,,,,,,,,,,,,,,,,,,,,,,,,,,
2023-08-16,0.0018913088075389,-5.066897238919472e-05,0.0003447733476311,-0.0011927922000344,0.0022052524172222,-0.0022330000496755,-0.0003800774299813,0.0034739388939235,-0.002055996618185,,,,,,,,,,,,,,,,,,,,,,,,,,,,,,,,,,,,,,,,,,,,,,,,,,,,,,,,,,,,,,,,,,,,,,,,,,,,,,,,,,,,,,,,,,,,,,,,,,,,,,,,,,,,,,,,,,,,,,,,,,,,,,,,,,,,,,,,,,,,,,,,,,,,,,,,,,,,,,,,,,,,,,,,,,,,,,,,,,,,,,
2023-08-17,-0.000770628243774,0.0030278666966136,0.0013257423929703,-0.0001276224732878,0.0033964102498766,0.0002503637315982,0.0013867878310088,0.0007964067140413,-0.0009027479615035,,,,,,,,,,,,,,,,,,,,,,,,,,,,,,,,,,,,,,,,,,,,,,,,,,,,,,,,,,,,,,,,,,,,,,,,,,,,,,,,,,,,,,,,,,,,,,,,,,,,,,,,,,,,,,,,,,,,,,,,,,,,,,,,,,,,,,,,,,,,,,,,,,,,,,,,,,,,,,,,,,,,,,,,,,,,,,,,,,,,,,
2023-08-18,-0.0003401167540573,0.0023758596164132,-0.0011459767099674,0.0010930550848974,0.0007972400848603,0.0008982902111435,0.0007714770962462,-0.0023457414069632,0.0014517930094778,,,,,,,,,,,,,,,,,,,,,,,,,,,,,,,,,,,,,,,,,,,,,,,,,,,,,,,,,,,,,,,,,,,,,,,,,,,,,,,,,,,,,,,,,,,,,,,,,,,,,,,,,,,,,,,,,,,,,,,,,,,,,,,,,,,,,,,,,,,,,,,,,,,,,,,,,,,,,,,,,,,,,,,,,,,,,,,,,,,,,,
2023-08-21,-0.0018421367641099,0.0001751274015416,-0.0012042023625487,0.0008497128373833,-0.000646389842276,-0.0009844201752462,0.0006078663533371,0.0009628206592675,-0.000430952343752,,,,,,,,,,,,,,,,,,,,,,,,,,,,,,,,,,,,,,,,,,,,,,,,,,,,,,,,,,,,,,,,,,,,,,,,,,,,,,,,,,,,,,,,,,,,,,,,,,,,,,,,,,,,,,,,,,,,,,,,,,,,,,,,,,,,,,,,,,,,,,,,,,,,,,,,,,,,,,,,,,,,,,,,,,,,,,,,,,,,,,
2023-08-22,-0.00492837026228,-5.6117522771687496e-05,-0.0003438319440022,-0.0013456739154246,0.0028720339483333,-0.0024699335885494,-0.0043195689353868,0.0067905298716693,-0.0048952416808433,,,,,,,,,,,,,,,,,,,,,,,,,,,,,,,,,,,,,,,,,,,,,,,,,,,,,,,,,,,,,,,,,,,,,,,,,,,,,,,,,,,,,,,,,,,,,,,,,,,,,,,,,,,,,,,,,,,,,,,,,,,,,,,,,,,,,,,,,,,,,,,,,,,,,,,,,,,,,,,,,,,,,,,,,,,,,,,,,,,,,,
2023-08-23,-0.0023101541170192,-0.0011059648693379,0.0033414144582942,0.0014182608939974,-0.0015761461793632,0.0027746854361073,-0.0019576779123339,0.0034414595649126,-0.0044157373879453,,,,,,,,,,,,,,,,,,,,,,,,,,,,,,,,,,,,,,,,,,,,,,,,,,,,,,,,,,,,,,,,,,,,,,,,,,,,,,,,,,,,,,,,,,,,,,,,,,,,,,,,,,,,,,,,,,,,,,,,,,,,,,,,,,,,,,,,,,,,,,,,,,,,,,,,,,,,,,,,,,,,,,,,,,,,,,,,,,,,,,
2023-08-24,-0.0030896579190134,0.0036927228842649,0.0045110600223526,0.0011695193620527,0.0007100807534239,0.0026541374159572,0.0052457990123487,0.0005868207316316,-0.0014008591490898,,,,,,,,,,,,,,,,,,,,,,,,,,,,,,,,,,,,,,,,,,,,,,,,,,,,,,,,,,,,,,,,,,,,,,,,,,,,,,,,,,,,,,,,,,,,,,,,,,,,,,,,,,,,,,,,,,,,,,,,,,,,,,,,,,,,,,,,,,,,,,,,,,,,,,,,,,,,,,,,,,,,,,,,,,,,,,,,,,,,,,
2023-08-25,-0.0003052731632251,-0.0034640818532561,-0.0018726768242139,0.0029016407633824,0.0001242774797208,-0.0012633380135619,-0.0054345995510597,0.0026249970304262,-1.6724582342773834e-05,,,,,,,,,,,,,,,,,,,,,,,,,,,,,,,,,,,,,,,,,,,,,,,,,,,,,,,,,,,,,,,,,,,,,,,,,,,,,,,,,,,,,,,,,,,,,,,,,,,,,,,,,,,,,,,,,,,,,,,,,,,,,,,,,,,,,,,,,,,,,,,,,,,,,,,,,,,,,,,,,,,,,,,,,,,,,,,,,,,,,,
2023-08-28,0.0012955992157546,0.0006358991063584,-0.0006902872109612,0.0024605713007935,-0.0010639062525217,0.0053692388336873,-0.0033080923098736,-0.0023168684227448,-0.0025570510647099,,,,,,,,,,,,,,,,,,,,,,,,,,,,,,,,,,,,,,,,,,,,,,,,,,,,,,,,,,,,,,,,,,,,,,,,,,,,,,,,,,,,,,,,,,,,,,,,,,,,,,,,,,,,,,,,,,,,,,,,,,,,,,,,,,,,,,,,,,,,,,,,,,,,,,,,,,,,,,,,,,,,,,,,,,,,,,,,,,,,,,
2023-08-29,-0.0001627612478423,-0.0008926908717814,-0.0036936374594937,-0.0002297511687721,-0.0007679260576449,0.0024480905245248,-0.0003645931494646,-0.0046372788976223,0.0001037483051857,,,,,,,,,,,,,,,,,,,,,,,,,,,,,,,,,,,,,,,,,,,,,,,,,,,,,,,,,,,,,,,,,,,,,,,,,,,,,,,,,,,,,,,,,,,,,,,,,,,,,,,,,,,,,,,,,,,,,,,,,,,,,,,,,,,,,,,,,,,,,,,,,,,,,,,,,,,,,,,,,,,,,,,,,,,,,,,,,,,,,,
2023-08-30,-0.0024948255421615,0.0002585609747073,-0.0029989303132693,0.0030558548298891,0.001556452984146,-0.0008938142987049,-0.0033221586040363,0.0026672078791033,0.0008130349949736,,,,,,,,,,,,,,,,,,,,,,,,,,,,,,,,,,,,,,,,,,,,,,,,,,,,,,,,,,,,,,,,,,,,,,,,,,,,,,,,,,,,,,,,,,,,,,,,,,,,,,,,,,,,,,,,,,,,,,,,,,,,,,,,,,,,,,,,,,,,,,,,,,,,,,,,,,,,,,,,,,,,,,,,,,,,,,,,,,,,,,
2023-08-31,-0.0020896098796292,-0.0003880051825983,-0.0009173098109394,0.001600901055626,0.0020532549531089,0.0039520835913887,-0.0014292795248735,-0.0029197214332702,-0.0004982235470777,,,,,,,,,,,,,,,,,,,,,,,,,,,,,,,,,,,,,,,,,,,,,,,,,,,,,,,,,,,,,,,,,,,,,,,,,,,,,,,,,,,,,,,,,,,,,,,,,,,,,,,,,,,,,,,,,,,,,,,,,,,,,,,,,,,,,,,,,,,,,,,,,,,,,,,,,,,,,,,,,,,,,,,,,,,,,,,,,,,,,,
2023-09-01,-0.0011893438069323,-0.0034137379989662,-0.0005421856416716,0.0035698563481582,0.0004969013271383,-0.0033112458313217,-0.0015548778806717,-0.0047653729831206,0.0020593215362762,,,,,,,,,,,,,,,,,,,,,,,,,,,,,,,,,,,,,,,,,,,,,,,,,,,,,,,,,,,,,,,,,,,,,,,,,,,,,,,,,,,,,,,,,,,,,,,,,,,,,,,,,,,,,,,,,,,,,,,,,,,,,,,,,,,,,,,,,,,,,,,,,,,,,,,,,,,,,,,,,,,,,,,,,,,,,,,,,,,,,,
2023-09-04,-0.0005562968704756,-0.0007311559379339,0.0003393547106305,-0.0006469181867994,-7.436871709341396e-05,-0.0012855584898136,-0.0015973895979293,-0.0011628657788355,0.0019442750648327,,,,,,,,,,,,,,,,,,,,,,,,,,,,,,,,,,,,,,,,,,,,,,,,,,,,,,,,,,,,,,,,,,,,,,,,,,,,,,,,,,,,,,,,,,,,,,,,,,,,,,,,,,,,,,,,,,,,,,,,,,,,,,,,,,,,,,,,,,,,,,,,,,,,,,,,,,,,,,,,,,,,,,,,,,,,,,,,,,,,,,
2023-09-05,-0.0006039430064874,-0.0001755858310381,-0.0013159928184035,0.0003337441536894,0.0008790403588615,0.0032106242054592,0.0011754927755645,-0.0024337723000822,-0.0004226517940005,,,,,,,,,,,,,,,,,,,,,,,,,,,,,,,,,,,,,,,,,,,,,,,,,,,,,,,,,,,,,,,,,,,,,,,,,,,,,,,,,,,,,,,,,,,,,,,,,,,,,,,,,,,,,,,,,,,,,,,,,,,,,,,,,,,,,,,,,,,,,,,,,,,,,,,,,,,,,,,,,,,,,,,,,,,,,,,,,,,,,,
2023-09-06,-0.0001452883302074,0.0009556735552469,0.0006766789362032,0.0011431099875256,0.000878380095398,0.0001012571104152,0.0005753359713796,-0.0005018618714851,-0.001157166449048,,,,,,,,,,,,,,,,,,,,,,,,,,,,,,,,,,,,,,,,,,,,,,,,,,,,,,,,,,,,,,,,,,,,,,,,,,,,,,,,,,,,,,,,,,,,,,,,,,,,,,,,,,,,,,,,,,,,,,,,,,,,,,,,,,,,,,,,,,,,,,,,,,,,,,,,,,,,,,,,,,,,,,,,,,,,,,,,,,,,,,
2023-09-07,0.0008175238323479,0.0052437861658673,-0.0011361433779206,0.0002261949603692,0.0015082833761461,0.0016160111293472,-0.0020474791939555,0.0006404066220696,0.0009846420903091,,,,,,,,,,,,,,,,,,,,,,,,,,,,,,,,,,,,,,,,,,,,,,,,,,,,,,,,,,,,,,,,,,,,,,,,,,,,,,,,,,,,,,,,,,,,,,,,,,,,,,,,,,,,,,,,,,,,,,,,,,,,,,,,,,,,,,,,,,,,,,,,,,,,,,,,,,,,,,,,,,,,,,,,,,,,,,,,,,,,,,
2023-09-08,-0.000455610166918,-0.0026032803060488,-0.0004890887050511,-0.0006608033675773,-0.0015936936632923,0.0004921959656622,0.0002161433307341,-0.000745834158942,-0.000107409466688,,,,,,,,,,,,,,,,,,,,,,,,,,,,,,,,,,,,,,,,,,,,,,,,,,,,,,,,,,,,,,,,,,,,,,,,,,,,,,,,,,,,,,,,,,,,,,,,,,,,,,,,,,,,,,,,,,,,,,,,,,,,,,,,,,,,,,,,,,,,,,,,,,,,,,,,,,,,,,,,,,,,,,,,,,,,,,,,,,,,,,
2023-09-11,-0.0008194470444195,9.258154559784768e-05,-0.0002403360125024,-0.0001479988014724,-0.0010367348692443,-7.122207983150182e-07,-0.0006723077651619,0.0028709527465146,0.0017976331845759,,,,,,,,,,,,,,,,,,,,,,,,,,,,,,,,,,,,,,,,,,,,,,,,,,,,,,,,,,,,,,,,,,,,,,,,,,,,,,,,,,,,,,,,,,,,,,,,,,,,,,,,,,,,,,,,,,,,,,,,,,,,,,,,,,,,,,,,,,,,,,,,,,,,,,,,,,,,,,,,,,,,,,,,,,,,,,,,,,,,,,
2023-09-12,0.0019310700729793,-0.0023816867257523,-0.0002814525387304,-0.0026830508261604,-0.001404638237722,-0.0001125073804344,-0.0007534975036841,-0.0014244554019471,-0.0003193683815101,,,,,,,,,,,,,,,,,,,,,,,,,,,,,,,,,,,,,,,,,,,,,,,,,,,,,,,,,,,,,,,,,,,,,,,,,,,,,,,,,,,,,,,,,,,,,,,,,,,,,,,,,,,,,,,,,,,,,,,,,,,,,,,,,,,,,,,,,,,,,,,,,,,,,,,,,,,,,,,,,,,,,,,,,,,,,,,,,,,,,,
2023-09-13,0.0005331494652544,-0.0011430882362339,0.0040711866457724,0.0042791009782924,0.0011963834854076,-0.0021344662942384,-0.0030984426385964,-0.0011143493499736,-0.0012805383019027,,,,,,,,,,,,,,,,,,,,,,,,,,,,,,,,,,,,,,,,,,,,,,,,,,,,,,,,,,,,,,,,,,,,,,,,,,,,,,,,,,,,,,,,,,,,,,,,,,,,,,,,,,,,,,,,,,,,,,,,,,,,,,,,,,,,,,,,,,,,,,,,,,,,,,,,,,,,,,,,,,,,,,,,,,,,,,,,,,,,,,
2023-09-14,-0.0014208523485253,0.0028079262793781,-0.0004578735497787,0.0009729998430503,0.0013762742279808,0.0009962439787926,-0.002359183817135,0.0002573734650339,0.0018872594468617,,,,,,,,,,,,,,,,,,,,,,,,,,,,,,,,,,,,,,,,,,,,,,,,,,,,,,,,,,,,,,,,,,,,,,,,,,,,,,,,,,,,,,,,,,,,,,,,,,,,,,,,,,,,,,,,,,,,,,,,,,,,,,,,,,,,,,,,,,,,,,,,,,,,,,,,,,,,,,,,,,,,,,,,,,,,,,,,,,,,,,
2023-09-15,-5.560791308025068e-05,0.0003213336376837,-0.001237483798085,-0.0002426556423781,-0.0012347103659368,-0.0016016364779985,0.0007226905891202,0.0022227294221046,0.0014239525491045,,,,,,,,,,,,,,,,,,,,,,,,,,,,,,,,,,,,,,,,,,,,,,,,,,,,,,,,,,,,,,,,,,,,,,,,,,,,,,,,,,,,,,,,,,,,,,,,,,,,,,,,,,,,,,,,,,,,,,,,,,,,,,,,,,,,,,,,,,,,,,,,,,,,,,,,,,,,,,,,,,,,,,,,,,,,,,,,,,,,,,
2023-09-18,-0.0007130078500958,-0.0003186191412829,0.0001202731709068,0.0008172355368012,-0.0014587302899586,0.0019396218628239,-0.0006400491940874,-0.0001227927849928,0.0009932992643068,,,,,,,,,,,,,,,,,,,,,,,,,,,,,,,,,,,,,,,,,,,,,,,,,,,,,,,,,,,,,,,,,,,,,,,,,,,,,,,,,,,,,,,,,,,,,,,,,,,,,,,,,,,,,,,,,,,,,,,,,,,,,,,,,,,,,,,,,,,,,,,,,,,,,,,,,,,,,,,,,,,,,,,,,,,,,,,,,,,,,,
2023-09-19,-0.000405150125657,0.0014242427071348,-0.0080499501704109,-0.0014703971117794,0.0013722110862658,0.0007952530221573,0.0002671269643885,0.000497936499479,0.0062614096873817,,,,,,,,,,,,,,,,,,,,,,,,,,,,,,,,,,,,,,,,,,,,,,,,,,,,,,,,,,,,,,,,,,,,,,,,,,,,,,,,,,,,,,,,,,,,,,,,,,,,,,,,,,,,,,,,,,,,,,,,,,,,,,,,,,,,,,,,,,,,,,,,,,,,,,,,,,,,,,,,,,,,,,,,,,,,,,,,,,,,,,
2023-09-20,0.0008553615394139,-0.000226316661751,-0.0063691004120801,-0.0015398309809181,9.64066098162276e-05,-0.0002731612021382,0.0019377707643257,-0.0027387154677442,0.004043498453902,,,,,,,,,,,,,,,,,,,,,,,,,,,,,,,,,,,,,,,,,,,,,,,,,,,,,,,,,,,,,,,,,,,,,,,,,,,,,,,,,,,,,,,,,,,,,,,,,,,,,,,,,,,,,,,,,,,,,,,,,,,,,,,,,,,,,,,,,,,,,,,,,,,,,,,,,,,,,,,,,,,,,,,,,,,,,,,,,,,,,,
2023-09-21,-0.0011707322637305,0.0017077114156324,-0.0015495392569828,0.0019695477464958,0.0002871357646888,-0.0006835379010376,-0.0010369924822983,0.0036736355067256,-0.0034093147773667,,,,,,,,,,,,,,,,,,,,,,,,,,,,,,,,,,,,,,,,,,,,,,,,,,,,,,,,,,,,,,,,,,,,,,,,,,,,,,,,,,,,,,,,,,,,,,,,,,,,,,,,,,,,,,,,,,,,,,,,,,,,,,,,,,,,,,,,,,,,,,,,,,,,,,,,,,,,,,,,,,,,,,,,,,,,,,,,,,,,,,
2023-09-22,-4.8643622498423415e-05,-0.0025583923293728,0.0019822879553523,0.0008015483016891,-0.0011917639951823,0.0004536715605474,0.0013316651806866,0.0022664839785251,-0.0039042895890952,,,,,,,,,,,,,,,,,,,,,,,,,,,,,,,,,,,,,,,,,,,,,,,,,,,,,,,,,,,,,,,,,,,,,,,,,,,,,,,,,,,,,,,,,,,,,,,,,,,,,,,,,,,,,,,,,,,,,,,,,,,,,,,,,,,,,,,,,,,,,,,,,,,,,,,,,,,,,,,,,,,,,,,,,,,,,,,,,,,,,,
2023-09-25,-0.0002665100771526,0.0015810296027437,-0.0017452751313991,0.0002940345218853,-0.0002392087216758,0.0005502485736626,0.0010643021191462,-0.0014565427579677,0.0012691651699429,,,,,,,,,,,,,,,,,,,,,,,,,,,,,,,,,,,,,,,,,,,,,,,,,,,,,,,,,,,,,,,,,,,,,,,,,,,,,,,,,,,,,,,,,,,,,,,,,,,,,,,,,,,,,,,,,,,,,,,,,,,,,,,,,,,,,,,,,,,,,,,,,,,,,,,,,,,,,,,,,,,,,,,,,,,,,,,,,,,,,,
2023-09-26,0.000866338989475,0.0011759178363264,-0.0031415817804784,-0.0012084500487008,-0.001269163197698,-0.0017918524601701,7.112986987225528e-05,0.0019430074527782,0.0028534797304487,,,,,,,,,,,,,,,,,,,,,,,,,,,,,,,,,,,,,,,,,,,,,,,,,,,,,,,,,,,,,,,,,,,,,,,,,,,,,,,,,,,,,,,,,,,,,,,,,,,,,,,,,,,,,,,,,,,,,,,,,,,,,,,,,,,,,,,,,,,,,,,,,,,,,,,,,,,,,,,,,,,,,,,,,,,,,,,,,,,,,,
2023-09-27,-0.0022586352471441,-0.0013538346493058,-0.0003954148053381,-0.0008010954737599,-0.0010888388284956,0.0002660923661379,0.0001209499887858,0.0030313283125725,-6.057646293245828e-05,,,,,,,,,,,,,,,,,,,,,,,,,,,,,,,,,,,,,,,,,,,,,,,,,,,,,,,,,,,,,,,,,,,,,,,,,,,,,,,,,,,,,,,,,,,,,,,,,,,,,,,,,,,,,,,,,,,,,,,,,,,,,,,,,,,,,,,,,,,,,,,,,,,,,,,,,,,,,,,,,,,,,,,,,,,,,,,,,,,,,,
2023-09-28,-0.0040799187344342,0.0022094487349725,0.0004973893788954,-0.0033172078426151,-0.0013121255556756,0.0047739358922338,-0.0010611737925323,0.0018314618378833,-0.0005681074800616,,,,,,,,,,,,,,,,,,,,,,,,,,,,,,,,,,,,,,,,,,,,,,,,,,,,,,,,,,,,,,,,,,,,,,,,,,,,,,,,,,,,,,,,,,,,,,,,,,,,,,,,,,,,,,,,,,,,,,,,,,,,,,,,,,,,,,,,,,,,,,,,,,,,,,,,,,,,,,,,,,,,,,,,,,,,,,,,,,,,,,
2023-10-09,-0.0055274327248832,0.0003049304235433,0.0046107780646821,0.0011900423288496,1.2528595526024355e-05,0.0040635302762318,0.0001755980231262,-0.002295393768971,0.0027783145618872,,,,,,,,,,,,,,,,,,,,,,,,,,,,,,,,,,,,,,,,,,,,,,,,,,,,,,,,,,,,,,,,,,,,,,,,,,,,,,,,,,,,,,,,,,,,,,,,,,,,,,,,,,,,,,,,,,,,,,,,,,,,,,,,,,,,,,,,,,,,,,,,,,,,,,,,,,,,,,,,,,,,,,,,,,,,,,,,,,,,,,
2023-10-10,-0.0023966458036234,0.0014982080490973,0.001271785572256,0.0004868683928207,-0.0015537955408689,-0.0008495462883963,-0.0029967878046531,-0.004157512739736,0.0028133171589478,,,,,,,,,,,,,,,,,,,,,,,,,,,,,,,,,,,,,,,,,,,,,,,,,,,,,,,,,,,,,,,,,,,,,,,,,,,,,,,,,,,,,,,,,,,,,,,,,,,,,,,,,,,,,,,,,,,,,,,,,,,,,,,,,,,,,,,,,,,,,,,,,,,,,,,,,,,,,,,,,,,,,,,,,,,,,,,,,,,,,,
2023-10-11,-0.0006577236266773,0.0010372398995049,-0.0056030829408958,0.0019582344436785,-0.0020935141085827,0.0014457796838023,-0.0029392496444572,-0.0057154266691528,0.0031966659534309,,,,,,,,,,,,,,,,,,,,,,,,,,,,,,,,,,,,,,,,,,,,,,,,,,,,,,,,,,,,,,,,,,,,,,,,,,,,,,,,,,,,,,,,,,,,,,,,,,,,,,,,,,,,,,,,,,,,,,,,,,,,,,,,,,,,,,,,,,,,,,,,,,,,,,,,,,,,,,,,,,,,,,,,,,,,,,,,,,,,,,
2023-10-12,0.0008004896709284,-0.0025232085992396,-0.0043173525174057,-2.6126860874263904e-05,-0.0002676469240808,0.0014612767817155,-0.0018309087358512,-0.0020355618144316,0.0031990675382849,,,,,,,,,,,,,,,,,,,,,,,,,,,,,,,,,,,,,,,,,,,,,,,,,,,,,,,,,,,,,,,,,,,,,,,,,,,,,,,,,,,,,,,,,,,,,,,,,,,,,,,,,,,,,,,,,,,,,,,,,,,,,,,,,,,,,,,,,,,,,,,,,,,,,,,,,,,,,,,,,,,,,,,,,,,,,,,,,,,,,,
2023-10-13,0.0024576311010801,0.0001846278940117,-2.522758110639912e-06,-0.0013544067470936,-0.0004156672677777,0.0005105979408464,-0.0007173969770839,-0.0011614745879856,-0.0019050558206176,,,,,,,,,,,,,,,,,,,,,,,,,,,,,,,,,,,,,,,,,,,,,,,,,,,,,,,,,,,,,,,,,,,,,,,,,,,,,,,,,,,,,,,,,,,,,,,,,,,,,,,,,,,,,,,,,,,,,,,,,,,,,,,,,,,,,,,,,,,,,,,,,,,,,,,,,,,,,,,,,,,,,,,,,,,,,,,,,,,,,,
2023-10-16,0.0017173564705346,0.0015107196619618,-0.0001358916204003,-0.0033943970989874,-0.000306492470961,0.0030850127866558,0.0020076083810938,-0.0015423302905704,0.0004723692238078,,,,,,,,,,,,,,,,,,,,,,,,,,,,,,,,,,,,,,,,,,,,,,,,,,,,,,,,,,,,,,,,,,,,,,,,,,,,,,,,,,,,,,,,,,,,,,,,,,,,,,,,,,,,,,,,,,,,,,,,,,,,,,,,,,,,,,,,,,,,,,,,,,,,,,,,,,,,,,,,,,,,,,,,,,,,,,,,,,,,,,
2023-10-17,0.0014808124409213,0.0006080120848106,-0.0006638514951719,-0.0046447373488859,-0.0008665138683106,-0.0004216169223031,0.0045625257673605,-4.4793581158109513e-05,0.0020681351121485,,,,,,,,,,,,,,,,,,,,,,,,,,,,,,,,,,,,,,,,,,,,,,,,,,,,,,,,,,,,,,,,,,,,,,,,,,,,,,,,,,,,,,,,,,,,,,,,,,,,,,,,,,,,,,,,,,,,,,,,,,,,,,,,,,,,,,,,,,,,,,,,,,,,,,,,,,,,,,,,,,,,,,,,,,,,,,,,,,,,,,
2023-10-18,-0.0019718362433508,0.0004558748542747,0.007180260335373,-0.0008889709212671,0.0008652790762676,-0.0023014380994652,-0.0009605657897277,0.008447130468831,-0.0030343658097649,,,,,,,,,,,,,,,,,,,,,,,,,,,,,,,,,,,,,,,,,,,,,,,,,,,,,,,,,,,,,,,,,,,,,,,,,,,,,,,,,,,,,,,,,,,,,,,,,,,,,,,,,,,,,,,,,,,,,,,,,,,,,,,,,,,,,,,,,,,,,,,,,,,,,,,,,,,,,,,,,,,,,,,,,,,,,,,,,,,,,,
2023-10-19,-0.0050036281691164,-0.0038956714044202,-0.0025971981680917,0.0034291851276872,0.0013429441205064,0.0016078691069625,0.0020790122082496,-0.0021744358342049,0.0021477774495293,,,,,,,,,,,,,,,,,,,,,,,,,,,,,,,,,,,,,,,,,,,,,,,,,,,,,,,,,,,,,,,,,,,,,,,,,,,,,,,,,,,,,,,,,,,,,,,,,,,,,,,,,,,,,,,,,,,,,,,,,,,,,,,,,,,,,,,,,,,,,,,,,,,,,,,,,,,,,,,,,,,,,,,,,,,,,,,,,,,,,,
2023-10-20,-0.0016865145465764,0.0055375665952545,-0.0038371384882564,-0.0020070971276017,0.0008056053603138,0.0047353302637125,0.0017410725467844,-0.0065653018375242,0.0057872106928175,,,,,,,,,,,,,,,,,,,,,,,,,,,,,,,,,,,,,,,,,,,,,,,,,,,,,,,,,,,,,,,,,,,,,,,,,,,,,,,,,,,,,,,,,,,,,,,,,,,,,,,,,,,,,,,,,,,,,,,,,,,,,,,,,,,,,,,,,,,,,,,,,,,,,,,,,,,,,,,,,,,,,,,,,,,,,,,,,,,,,,
2023-10-23,-0.0014270633309039,0.0016647767569969,-0.0007709076936415,0.0033726600905317,-0.0020864891240359,0.0046127268072559,0.0005261070334148,-0.0012357374805291,0.0015534604689228,,,,,,,,,,,,,,,,,,,,,,,,,,,,,,,,,,,,,,,,,,,,,,,,,,,,,,,,,,,,,,,,,,,,,,,,,,,,,,,,,,,,,,,,,,,,,,,,,,,,,,,,,,,,,,,,,,,,,,,,,,,,,,,,,,,,,,,,,,,,,,,,,,,,,,,,,,,,,,,,,,,,,,,,,,,,,,,,,,,,,,
2023-10-24,-0.0019603620737636,-0.0034193968670261,-0.0088313381124298,-0.0030299236242778,0.0003204176141914,0.0009239740234893,-0.0015861358029243,-0.0029766038119057,0.0022249381166041,,,,,,,,,,,,,,,,,,,,,,,,,,,,,,,,,,,,,,,,,,,,,,,,,,,,,,,,,,,,,,,,,,,,,,,,,,,,,,,,,,,,,,,,,,,,,,,,,,,,,,,,,,,,,,,,,,,,,,,,,,,,,,,,,,,,,,,,,,,,,,,,,,,,,,,,,,,,,,,,,,,,,,,,,,,,,,,,,,,,,,
2023-10-25,0.0008820007735666,0.0011304138910715,-0.0087855337885762,-0.0016131551648575,-0.0018804136661765,0.0001036024035171,9.770284565266264e-05,-0.0041591505880916,0.0094752607209783,,,,,,,,,,,,,,,,,,,,,,,,,,,,,,,,,,,,,,,,,,,,,,,,,,,,,,,,,,,,,,,,,,,,,,,,,,,,,,,,,,,,,,,,,,,,,,,,,,,,,,,,,,,,,,,,,,,,,,,,,,,,,,,,,,,,,,,,,,,,,,,,,,,,,,,,,,,,,,,,,,,,,,,,,,,,,,,,,,,,,,
2023-10-26,0.0008777492121955,-0.000748569223112,-0.0006755797303379,-0.0005995932267987,-0.0013419520344382,-0.0011389408671529,0.0015249759431501,0.0001988927465659,0.002659370567217,,,,,,,,,,,,,,,,,,,,,,,,,,,,,,,,,,,,,,,,,,,,,,,,,,,,,,,,,,,,,,,,,,,,,,,,,,,,,,,,,,,,,,,,,,,,,,,,,,,,,,,,,,,,,,,,,,,,,,,,,,,,,,,,,,,,,,,,,,,,,,,,,,,,,,,,,,,,,,,,,,,,,,,,,,,,,,,,,,,,,,
2023-10-27,-3.946379567493992e-05,-0.0008947675995008,-0.0017183942059145,-9.04690464325066e-05,0.0014646412699593,0.0001111387010527,0.0021296822017234,-0.0020672312334231,0.0001504454266704,,,,,,,,,,,,,,,,,,,,,,,,,,,,,,,,,,,,,,,,,,,,,,,,,,,,,,,,,,,,,,,,,,,,,,,,,,,,,,,,,,,,,,,,,,,,,,,,,,,,,,,,,,,,,,,,,,,,,,,,,,,,,,,,,,,,,,,,,,,,,,,,,,,,,,,,,,,,,,,,,,,,,,,,,,,,,,,,,,,,,,
2023-10-30,4.618358044927787e-05,0.0002394938128756,-0.0016547229006662,-0.0020977934163248,0.0019682861119389,-0.0006387015140686,0.0023629329494948,-0.0007441353168638,-0.0022573235139521,,,,,,,,,,,,,,,,,,,,,,,,,,,,,,,,,,,,,,,,,,,,,,,,,,,,,,,,,,,,,,,,,,,,,,,,,,,,,,,,,,,,,,,,,,,,,,,,,,,,,,,,,,,,,,,,,,,,,,,,,,,,,,,,,,,,,,,,,,,,,,,,,,,,,,,,,,,,,,,,,,,,,,,,,,,,,,,,,,,,,,
2023-10-31,0.0002055200020222,-0.0002374773973158,0.0030892505885277,0.0002804820899543,0.0014471364721047,-0.0003386719021218,0.0002261022203984,0.0021115898017843,-0.0022584552838448,,,,,,,,,,,,,,,,,,,,,,,,,,,,,,,,,,,,,,,,,,,,,,,,,,,,,,,,,,,,,,,,,,,,,,,,,,,,,,,,,,,,,,,,,,,,,,,,,,,,,,,,,,,,,,,,,,,,,,,,,,,,,,,,,,,,,,,,,,,,,,,,,,,,,,,,,,,,,,,,,,,,,,,,,,,,,,,,,,,,,,
2023-11-01,0.0006774622222992,0.0005987368348889,-0.0002667421436445,0.0015373505620138,0.0017646689573975,0.0009879626235253,0.0018232478028073,-0.0003144382183477,-0.0003383535088626,,,,,,,,,,,,,,,,,,,,,,,,,,,,,,,,,,,,,,,,,,,,,,,,,,,,,,,,,,,,,,,,,,,,,,,,,,,,,,,,,,,,,,,,,,,,,,,,,,,,,,,,,,,,,,,,,,,,,,,,,,,,,,,,,,,,,,,,,,,,,,,,,,,,,,,,,,,,,,,,,,,,,,,,,,,,,,,,,,,,,,
2023-11-02,-0.0010992247078233,-0.0036932892881156,-0.0020992917583254,0.0021501210485152,0.0008516446904122,0.0027733940078625,-0.0006819551470541,-0.0015987100150847,0.0006247933581259,,,,,,,,,,,,,,,,,,,,,,,,,,,,,,,,,,,,,,,,,,,,,,,,,,,,,,,,,,,,,,,,,,,,,,,,,,,,,,,,,,,,,,,,,,,,,,,,,,,,,,,,,,,,,,,,,,,,,,,,,,,,,,,,,,,,,,,,,,,,,,,,,,,,,,,,,,,,,,,,,,,,,,,,,,,,,,,,,,,,,,
2023-11-03,-0.0004943053399611,0.0004028640001332,-0.0046726244449238,-0.0012139568940798,0.0019871325165879,-0.0005476988246251,-0.0011743137323953,-0.0011285384389315,-0.0009576593877949,,,,,,,,,,,,,,,,,,,,,,,,,,,,,,,,,,,,,,,,,,,,,,,,,,,,,,,,,,,,,,,,,,,,,,,,,,,,,,,,,,,,,,,,,,,,,,,,,,,,,,,,,,,,,,,,,,,,,,,,,,,,,,,,,,,,,,,,,,,,,,,,,,,,,,,,,,,,,,,,,,,,,,,,,,,,,,,,,,,,,,
2023-11-06,-5.041712247198733e-05,0.0010855855926284,-0.0016761618648949,0.0011779996450232,0.0010042180976387,-0.0019580126850148,-0.0006138846636357,0.0015398798854357,0.0001627418102662,,,,,,,,,,,,,,,,,,,,,,,,,,,,,,,,,,,,,,,,,,,,,,,,,,,,,,,,,,,,,,,,,,,,,,,,,,,,,,,,,,,,,,,,,,,,,,,,,,,,,,,,,,,,,,,,,,,,,,,,,,,,,,,,,,,,,,,,,,,,,,,,,,,,,,,,,,,,,,,,,,,,,,,,,,,,,,,,,,,,,,
2023-11-07,-0.0014403232867374,-6.862673231428308e-05,0.0032444613143075,0.0005395676556818,0.0001259898714089,0.0014336457991484,-0.0016299639803897,0.0023166151380517,0.0008153581724594,,,,,,,,,,,,,,,,,,,,,,,,,,,,,,,,,,,,,,,,,,,,,,,,,,,,,,,,,,,,,,,,,,,,,,,,,,,,,,,,,,,,,,,,,,,,,,,,,,,,,,,,,,,,,,,,,,,,,,,,,,,,,,,,,,,,,,,,,,,,,,,,,,,,,,,,,,,,,,,,,,,,,,,,,,,,,,,,,,,,,,
2023-11-08,-0.001921607605213,0.0030676297124702,0.0022961368437741,-6.080161434363009e-05,0.0008354343983218,0.000394451559839,-0.002678857352534,0.0043166232563115,-8.159317947239756e-05,,,,,,,,,,,,,,,,,,,,,,,,,,,,,,,,,,,,,,,,,,,,,,,,,,,,,,,,,,,,,,,,,,,,,,,,,,,,,,,,,,,,,,,,,,,,,,,,,,,,,,,,,,,,,,,,,,,,,,,,,,,,,,,,,,,,,,,,,,,,,,,,,,,,,,,,,,,,,,,,,,,,,,,,,,,,,,,,,,,,,,
2023-11-09,-0.0001667000446464,-0.0001137599843141,-0.0050731840710439,0.000111322548516,0.000424069358293,0.0004034833780185,6.301664513174309e-05,-0.0018031502303875,0.001677689465617,,,,,,,,,,,,,,,,,,,,,,,,,,,,,,,,,,,,,,,,,,,,,,,,,,,,,,,,,,,,,,,,,,,,,,,,,,,,,,,,,,,,,,,,,,,,,,,,,,,,,,,,,,,,,,,,,,,,,,,,,,,,,,,,,,,,,,,,,,,,,,,,,,,,,,,,,,,,,,,,,,,,,,,,,,,,,,,,,,,,,,
2023-11-10,-0.0015044966677569,-0.0013289402692258,-0.0031162987329294,-0.001769214711676,-0.0006175866629676,0.0012381520017829,0.0010565168809262,0.0003742342502147,0.0003565331932957,,,,,,,,,,,,,,,,,,,,,,,,,,,,,,,,,,,,,,,,,,,,,,,,,,,,,,,,,,,,,,,,,,,,,,,,,,,,,,,,,,,,,,,,,,,,,,,,,,,,,,,,,,,,,,,,,,,,,,,,,,,,,,,,,,,,,,,,,,,,,,,,,,,,,,,,,,,,,,,,,,,,,,,,,,,,,,,,,,,,,,
2023-11-13,0.0002148691416074,-0.0004562153479018,-0.0024428369481806,-0.0003900540174406,-0.000725526840493,0.0005411821969549,0.0006988537443311,-4.296914673362334e-06,-1.813080934886233e-05,,,,,,,,,,,,,,,,,,,,,,,,,,,,,,,,,,,,,,,,,,,,,,,,,,,,,,,,,,,,,,,,,,,,,,,,,,,,,,,,,,,,,,,,,,,,,,,,,,,,,,,,,,,,,,,,,,,,,,,,,,,,,,,,,,,,,,,,,,,,,,,,,,,,,,,,,,,,,,,,,,,,,,,,,,,,,,,,,,,,,,
2023-11-14,-0.0004641875530369,0.0012098192095559,-0.0015888693644289,0.0001266404674269,0.0010329664450447,0.0012510669854396,0.0019137149189694,-0.0008552095136981,0.0012403033270441,,,,,,,,,,,,,,,,,,,,,,,,,,,,,,,,,,,,,,,,,,,,,,,,,,,,,,,,,,,,,,,,,,,,,,,,,,,,,,,,,,,,,,,,,,,,,,,,,,,,,,,,,,,,,,,,,,,,,,,,,,,,,,,,,,,,,,,,,,,,,,,,,,,,,,,,,,,,,,,,,,,,,,,,,,,,,,,,,,,,,,
2023-11-15,0.00151438989358,0.0002183966230272,0.0004377286919195,-0.0001399051833153,0.0010407860156828,-0.0007381837236529,0.0020437815701679,-0.0018374967058267,-0.0001060404787179,,,,,,,,,,,,,,,,,,,,,,,,,,,,,,,,,,,,,,,,,,,,,,,,,,,,,,,,,,,,,,,,,,,,,,,,,,,,,,,,,,,,,,,,,,,,,,,,,,,,,,,,,,,,,,,,,,,,,,,,,,,,,,,,,,,,,,,,,,,,,,,,,,,,,,,,,,,,,,,,,,,,,,,,,,,,,,,,,,,,,,
2023-11-16,0.0017105255568503,0.001178726188814,-0.0010599480706675,0.0013342321064239,0.0002497631457004,-0.0008222159451776,0.0010916320859293,-0.0002449216828762,0.0007672012048353,,,,,,,,,,,,,,,,,,,,,,,,,,,,,,,,,,,,,,,,,,,,,,,,,,,,,,,,,,,,,,,,,,,,,,,,,,,,,,,,,,,,,,,,,,,,,,,,,,,,,,,,,,,,,,,,,,,,,,,,,,,,,,,,,,,,,,,,,,,,,,,,,,,,,,,,,,,,,,,,,,,,,,,,,,,,,,,,,,,,,,
2023-11-17,-4.761683210205524e-05,0.0002650409363237,-0.0012971361009441,-0.000270205092178,0.0021553047544464,-0.0003765525610428,0.000975073330944,0.0004491493302734,-0.0002302782017084,,,,,,,,,,,,,,,,,,,,,,,,,,,,,,,,,,,,,,,,,,,,,,,,,,,,,,,,,,,,,,,,,,,,,,,,,,,,,,,,,,,,,,,,,,,,,,,,,,,,,,,,,,,,,,,,,,,,,,,,,,,,,,,,,,,,,,,,,,,,,,,,,,,,,,,,,,,,,,,,,,,,,,,,,,,,,,,,,,,,,,
2023-11-20,-0.0006686469677262,0.0003210134406225,-0.0008582781708334,-6.658620854263179e-05,0.0002659227339617,-0.0020272361155399,0.0012486732911465,0.0011107660153754,-0.000933471021925,,,,,,,,,,,,,,,,,,,,,,,,,,,,,,,,,,,,,,,,,,,,,,,,,,,,,,,,,,,,,,,,,,,,,,,,,,,,,,,,,,,,,,,,,,,,,,,,,,,,,,,,,,,,,,,,,,,,,,,,,,,,,,,,,,,,,,,,,,,,,,,,,,,,,,,,,,,,,,,,,,,,,,,,,,,,,,,,,,,,,,
2023-11-21,0.0006024280016322,0.0012803943554846,0.0006074179237502,0.0003381771550587,-0.0019013852705294,-0.002847164758468,0.0004093142193225,0.0031131904714451,-0.0009081206937399,,,,,,,,,,,,,,,,,,,,,,,,,,,,,,,,,,,,,,,,,,,,,,,,,,,,,,,,,,,,,,,,,,,,,,,,,,,,,,,,,,,,,,,,,,,,,,,,,,,,,,,,,,,,,,,,,,,,,,,,,,,,,,,,,,,,,,,,,,,,,,,,,,,,,,,,,,,,,,,,,,,,,,,,,,,,,,,,,,,,,,
2023-11-22,0.0001368598047277,0.0006908837025797,0.0012240252571637,-0.0002657662411593,0.000634972118694,-0.0010981845636505,-0.0014715664793989,0.0020748874946399,-0.0024691694898703,,,,,,,,,,,,,,,,,,,,,,,,,,,,,,,,,,,,,,,,,,,,,,,,,,,,,,,,,,,,,,,,,,,,,,,,,,,,,,,,,,,,,,,,,,,,,,,,,,,,,,,,,,,,,,,,,,,,,,,,,,,,,,,,,,,,,,,,,,,,,,,,,,,,,,,,,,,,,,,,,,,,,,,,,,,,,,,,,,,,,,
2023-11-23,-0.0015873302408381,-0.0007472004014458,0.0019808635167023,-0.0005691570063686,0.0013848457636331,0.0006664650649151,0.0004415402606066,0.0044291459557883,-0.001185722878613,,,,,,,,,,,,,,,,,,,,,,,,,,,,,,,,,,,,,,,,,,,,,,,,,,,,,,,,,,,,,,,,,,,,,,,,,,,,,,,,,,,,,,,,,,,,,,,,,,,,,,,,,,,,,,,,,,,,,,,,,,,,,,,,,,,,,,,,,,,,,,,,,,,,,,,,,,,,,,,,,,,,,,,,,,,,,,,,,,,,,,
2023-11-24,-0.000382951575091,0.0006956341577616,-0.0008617053562211,-0.0001564268681512,0.0005597654614568,-8.476771744557713e-05,-0.0005912131289738,0.0023161060862529,-0.000514999385427,,,,,,,,,,,,,,,,,,,,,,,,,,,,,,,,,,,,,,,,,,,,,,,,,,,,,,,,,,,,,,,,,,,,,,,,,,,,,,,,,,,,,,,,,,,,,,,,,,,,,,,,,,,,,,,,,,,,,,,,,,,,,,,,,,,,,,,,,,,,,,,,,,,,,,,,,,,,,,,,,,,,,,,,,,,,,,,,,,,,,,
2023-11-27,0.0001745152186373,-0.0003842960732868,-0.0006102204108076,-0.0003732271593626,0.0006819185351396,0.0005314919798703,-0.001222258953644,-0.0015758183694512,-0.0014667495399391,,,,,,,,,,,,,,,,,,,,,,,,,,,,,,,,,,,,,,,,,,,,,,,,,,,,,,,,,,,,,,,,,,,,,,,,,,,,,,,,,,,,,,,,,,,,,,,,,,,,,,,,,,,,,,,,,,,,,,,,,,,,,,,,,,,,,,,,,,,,,,,,,,,,,,,,,,,,,,,,,,,,,,,,,,,,,,,,,,,,,,
2023-11-28,0.0006940148606835,0.0010607311248522,-0.0016210147632598,0.0026994524670216,-0.0001453335855385,0.0020118875691118,-0.0021269136315528,-0.0028052608346297,0.0003563919428899,,,,,,,,,,,,,,,,,,,,,,,,,,,,,,,,,,,,,,,,,,,,,,,,,,,,,,,,,,,,,,,,,,,,,,,,,,,,,,,,,,,,,,,,,,,,,,,,,,,,,,,,,,,,,,,,,,,,,,,,,,,,,,,,,,,,,,,,,,,,,,,,,,,,,,,,,,,,,,,,,,,,,,,,,,,,,,,,,,,,,,
2023-11-29,0.0017225212490739,0.0024656170558337,-0.004217351416653,0.0008994519657422,-0.0024830970220152,0.0004575833409061,-0.0025304814576714,0.0032962683126203,0.000289840481121,,,,,,,,,,,,,,,,,,,,,,,,,,,,,,,,,,,,,,,,,,,,,,,,,,,,,,,,,,,,,,,,,,,,,,,,,,,,,,,,,,,,,,,,,,,,,,,,,,,,,,,,,,,,,,,,,,,,,,,,,,,,,,,,,,,,,,,,,,,,,,,,,,,,,,,,,,,,,,,,,,,,,,,,,,,,,,,,,,,,,,
2023-11-30,0.0010972138073505,-0.0016573183631825,-0.0017045741716293,-0.0013888345373078,-0.0008290142385922,0.0007279229455803,0.0008672958772084,-0.0001338967829823,-0.0001392163438602,,,,,,,,,,,,,,,,,,,,,,,,,,,,,,,,,,,,,,,,,,,,,,,,,,,,,,,,,,,,,,,,,,,,,,,,,,,,,,,,,,,,,,,,,,,,,,,,,,,,,,,,,,,,,,,,,,,,,,,,,,,,,,,,,,,,,,,,,,,,,,,,,,,,,,,,,,,,,,,,,,,,,,,,,,,,,,,,,,,,,,
2023-12-01,0.0007472564420093,-0.0024235446977057,-0.0009972413998912,-0.0016164208076918,0.0008167346242443,-0.0004687972069108,0.0011009416967211,-0.0013498627573423,0.0027887414957172,,,,,,,,,,,,,,,,,,,,,,,,,,,,,,,,,,,,,,,,,,,,,,,,,,,,,,,,,,,,,,,,,,,,,,,,,,,,,,,,,,,,,,,,,,,,,,,,,,,,,,,,,,,,,,,,,,,,,,,,,,,,,,,,,,,,,,,,,,,,,,,,,,,,,,,,,,,,,,,,,,,,,,,,,,,,,,,,,,,,,,
2023-12-04,0.0006091075922168,0.0007431474775345,-0.0010066552210253,0.0033510034979078,-0.0027025123546423,-0.000476510568623,-0.0003054471583167,-0.0009824153960568,-0.0001172094875681,,,,,,,,,,,,,,,,,,,,,,,,,,,,,,,,,,,,,,,,,,,,,,,,,,,,,,,,,,,,,,,,,,,,,,,,,,,,,,,,,,,,,,,,,,,,,,,,,,,,,,,,,,,,,,,,,,,,,,,,,,,,,,,,,,,,,,,,,,,,,,,,,,,,,,,,,,,,,,,,,,,,,,,,,,,,,,,,,,,,,,
2023-12-05,0.0003069982490952,-0.0027897318130975,-0.0042216158531817,0.0021803204294475,-0.0028124899313125,8.845928402729624e-05,-0.0016033835892774,-0.0031882397272671,-0.0008110497782049,,,,,,,,,,,,,,,,,,,,,,,,,,,,,,,,,,,,,,,,,,,,,,,,,,,,,,,,,,,,,,,,,,,,,,,,,,,,,,,,,,,,,,,,,,,,,,,,,,,,,,,,,,,,,,,,,,,,,,,,,,,,,,,,,,,,,,,,,,,,,,,,,,,,,,,,,,,,,,,,,,,,,,,,,,,,,,,,,,,,,,
2023-12-06,-0.0011397100908917,0.0006447661223004,-4.1426740467883365e-05,0.002812852755499,0.0005584491051683,0.0026071608916562,-0.0032540656995268,-0.003804924869219,-0.0012523761186536,,,,,,,,,,,,,,,,,,,,,,,,,,,,,,,,,,,,,,,,,,,,,,,,,,,,,,,,,,,,,,,,,,,,,,,,,,,,,,,,,,,,,,,,,,,,,,,,,,,,,,,,,,,,,,,,,,,,,,,,,,,,,,,,,,,,,,,,,,,,,,,,,,,,,,,,,,,,,,,,,,,,,,,,,,,,,,,,,,,,,,
2023-12-07,-0.0006888780474388,0.0058277963106254,0.0005682359572891,-0.0011885977126106,0.0001619397648642,-0.0002146300548248,0.0003336970757386,0.004501649711184,-0.0005270458856581,,,,,,,,,,,,,,,,,,,,,,,,,,,,,,,,,,,,,,,,,,,,,,,,,,,,,,,,,,,,,,,,,,,,,,,,,,,,,,,,,,,,,,,,,,,,,,,,,,,,,,,,,,,,,,,,,,,,,,,,,,,,,,,,,,,,,,,,,,,,,,,,,,,,,,,,,,,,,,,,,,,,,,,,,,,,,,,,,,,,,,
2023-12-08,-0.0014165857925095,-0.0019661748238329,-0.0002548103388719,-0.0009472551211644,0.0008424373036408,0.000649461027974,0.0009412214969216,-0.0009350305603355,0.0007832304367269,,,,,,,,,,,,,,,,,,,,,,,,,,,,,,,,,,,,,,,,,,,,,,,,,,,,,,,,,,,,,,,,,,,,,,,,,,,,,,,,,,,,,,,,,,,,,,,,,,,,,,,,,,,,,,,,,,,,,,,,,,,,,,,,,,,,,,,,,,,,,,,,,,,,,,,,,,,,,,,,,,,,,,,,,,,,,,,,,,,,,,
2023-12-11,0.0003341749208241,0.0002099013914374,-0.001256770919082,-0.000482990208837,0.0003664411109608,-0.0010001496901754,0.0004842981784745,-0.001916988074957,0.0026570621443862,,,,,,,,,,,,,,,,,,,,,,,,,,,,,,,,,,,,,,,,,,,,,,,,,,,,,,,,,,,,,,,,,,,,,,,,,,,,,,,,,,,,,,,,,,,,,,,,,,,,,,,,,,,,,,,,,,,,,,,,,,,,,,,,,,,,,,,,,,,,,,,,,,,,,,,,,,,,,,,,,,,,,,,,,,,,,,,,,,,,,,
2023-12-12,-0.0006296692994383,0.0004066822466355,0.0023984831125408,-0.0007418454938286,0.0011940532353311,-0.0013252594363081,0.0008892152429981,0.0032840443308964,-0.0019447544253045,,,,,,,,,,,,,,,,,,,,,,,,,,,,,,,,,,,,,,,,,,,,,,,,,,,,,,,,,,,,,,,,,,,,,,,,,,,,,,,,,,,,,,,,,,,,,,,,,,,,,,,,,,,,,,,,,,,,,,,,,,,,,,,,,,,,,,,,,,,,,,,,,,,,,,,,,,,,,,,,,,,,,,,,,,,,,,,,,,,,,,
2023-12-13,-0.0004871222185255,0.0021792527826827,-0.0008938679159131,-0.0008204644521472,-0.000717683658362,-0.0001392429762419,-0.0003554291034168,0.0004981534908165,-0.0023283156997329,,,,,,,,,,,,,,,,,,,,,,,,,,,,,,,,,,,,,,,,,,,,,,,,,,,,,,,,,,,,,,,,,,,,,,,,,,,,,,,,,,,,,,,,,,,,,,,,,,,,,,,,,,,,,,,,,,,,,,,,,,,,,,,,,,,,,,,,,,,,,,,,,,,,,,,,,,,,,,,,,,,,,,,,,,,,,,,,,,,,,,
2023-12-14,-0.0001945160659828,0.0004981960830795,-0.000900949329451,0.0015281685782953,-0.0002253121903788,-0.0010242289588864,-0.0003135374946126,-0.0018909247284619,-0.0006806486718224,,,,,,,,,,,,,,,,,,,,,,,,,,,,,,,,,,,,,,,,,,,,,,,,,,,,,,,,,,,,,,,,,,,,,,,,,,,,,,,,,,,,,,,,,,,,,,,,,,,,,,,,,,,,,,,,,,,,,,,,,,,,,,,,,,,,,,,,,,,,,,,,,,,,,,,,,,,,,,,,,,,,,,,,,,,,,,,,,,,,,,
2023-12-15,-0.0002594905594391,-0.0029556063258573,-0.0012679415832027,-0.0021585878762658,-0.0003223807253639,-0.0012098290325074,0.0014298637846818,-0.0016509261825757,-0.001199941173985,,,,,,,,,,,,,,,,,,,,,,,,,,,,,,,,,,,,,,,,,,,,,,,,,,,,,,,,,,,,,,,,,,,,,,,,,,,,,,,,,,,,,,,,,,,,,,,,,,,,,,,,,,,,,,,,,,,,,,,,,,,,,,,,,,,,,,,,,,,,,,,,,,,,,,,,,,,,,,,,,,,,,,,,,,,,,,,,,,,,,,
2023-12-18,-0.0009527175863224,-0.0018406873097005,-3.628948723067911e-05,-0.0027854019466119,-0.0005897859557874,-0.001005113510999,0.0016794822201975,-0.0035066895601205,-0.0033919063308394,,,,,,,,,,,,,,,,,,,,,,,,,,,,,,,,,,,,,,,,,,,,,,,,,,,,,,,,,,,,,,,,,,,,,,,,,,,,,,,,,,,,,,,,,,,,,,,,,,,,,,,,,,,,,,,,,,,,,,,,,,,,,,,,,,,,,,,,,,,,,,,,,,,,,,,,,,,,,,,,,,,,,,,,,,,,,,,,,,,,,,
2023-12-19,-0.0012046632365719,-0.0011857367417721,-0.0025551860622069,-0.0023964029656945,2.3920910851211768e-05,0.0001526227577357,0.0011232593877967,-0.0014198882287407,-0.0026434517979246,,,,,,,,,,,,,,,,,,,,,,,,,,,,,,,,,,,,,,,,,,,,,,,,,,,,,,,,,,,,,,,,,,,,,,,,,,,,,,,,,,,,,,,,,,,,,,,,,,,,,,,,,,,,,,,,,,,,,,,,,,,,,,,,,,,,,,,,,,,,,,,,,,,,,,,,,,,,,,,,,,,,,,,,,,,,,,,,,,,,,,
2023-12-20,0.0027944465057571,0.0017632648099407,0.0044567155512192,0.002466025730427,0.0033615132420099,0.0002584549581665,-0.0019828674207024,-0.0012042198975123,0.0034959611732141,,,,,,,,,,,,,,,,,,,,,,,,,,,,,,,,,,,,,,,,,,,,,,,,,,,,,,,,,,,,,,,,,,,,,,,,,,,,,,,,,,,,,,,,,,,,,,,,,,,,,,,,,,,,,,,,,,,,,,,,,,,,,,,,,,,,,,,,,,,,,,,,,,,,,,,,,,,,,,,,,,,,,,,,,,,,,,,,,,,,,,
2023-12-21,0.0026267347031886,-0.0008387963377891,-0.0034908372082984,0.0018744238736396,0.0030828742150611,-0.0014326735096211,0.0002665358673821,-0.0046840407971734,0.0049611428002719,,,,,,,,,,,,,,,,,,,,,,,,,,,,,,,,,,,,,,,,,,,,,,,,,,,,,,,,,,,,,,,,,,,,,,,,,,,,,,,,,,,,,,,,,,,,,,,,,,,,,,,,,,,,,,,,,,,,,,,,,,,,,,,,,,,,,,,,,,,,,,,,,,,,,,,,,,,,,,,,,,,,,,,,,,,,,,,,,,,,,,
2023-12-22,-0.0004853520174567,-9.804825322650896e-05,9.18922178364258e-05,0.0006902284565593,1.728786916117301e-05,-0.0020751609139899,0.0010282152424339,-0.00030386239275,0.0003017026117084,,,,,,,,,,,,,,,,,,,,,,,,,,,,,,,,,,,,,,,,,,,,,,,,,,,,,,,,,,,,,,,,,,,,,,,,,,,,,,,,,,,,,,,,,,,,,,,,,,,,,,,,,,,,,,,,,,,,,,,,,,,,,,,,,,,,,,,,,,,,,,,,,,,,,,,,,,,,,,,,,,,,,,,,,,,,,,,,,,,,,,
2023-12-25,-0.0002879179463907,0.0012385717416835,0.0014370122189011,0.0015098826427879,-0.0017688330739653,0.0009706226103038,-0.0006551699753008,-0.0001712553190455,0.0012059365369491,,,,,,,,,,,,,,,,,,,,,,,,,,,,,,,,,,,,,,,,,,,,,,,,,,,,,,,,,,,,,,,,,,,,,,,,,,,,,,,,,,,,,,,,,,,,,,,,,,,,,,,,,,,,,,,,,,,,,,,,,,,,,,,,,,,,,,,,,,,,,,,,,,,,,,,,,,,,,,,,,,,,,,,,,,,,,,,,,,,,,,
2023-12-26,-0.0020875829128837,-0.0003553352281115,0.0001042736248141,-0.0003888792129629,0.0013781833454995,-0.001384929354712,-0.0032949049987887,0.0015168733372063,0.001324388955232,,,,,,,,,,,,,,,,,,,,,,,,,,,,,,,,,,,,,,,,,,,,,,,,,,,,,,,,,,,,,,,,,,,,,,,,,,,,,,,,,,,,,,,,,,,,,,,,,,,,,,,,,,,,,,,,,,,,,,,,,,,,,,,,,,,,,,,,,,,,,,,,,,,,,,,,,,,,,,,,,,,,,,,,,,,,,,,,,,,,,,
2023-12-27,-0.0018186892580105,0.0024366324101317,-0.0007012721612315,0.0005830776208202,-0.0009446110018196,-0.000351318574798,-3.379260980611564e-05,-0.0016665768366294,-0.0031564048650216,,,,,,,,,,,,,,,,,,,,,,,,,,,,,,,,,,,,,,,,,,,,,,,,,,,,,,,,,,,,,,,,,,,,,,,,,,,,,,,,,,,,,,,,,,,,,,,,,,,,,,,,,,,,,,,,,,,,,,,,,,,,,,,,,,,,,,,,,,,,,,,,,,,,,,,,,,,,,,,,,,,,,,,,,,,,,,,,,,,,,,
2023-12-28,0.0002444475020053,0.0010294153279914,0.0021769465965487,-0.0013862208418679,0.0006190190102888,0.0005258993911224,0.0015832358817306,-0.0027472322149352,-0.0031727613332623,,,,,,,,,,,,,,,,,,,,,,,,,,,,,,,,,,,,,,,,,,,,,,,,,,,,,,,,,,,,,,,,,,,,,,,,,,,,,,,,,,,,,,,,,,,,,,,,,,,,,,,,,,,,,,,,,,,,,,,,,,,,,,,,,,,,,,,,,,,,,,,,,,,,,,,,,,,,,,,,,,,,,,,,,,,,,,,,,,,,,,
2023-12-29,,,,,,,,,,,,,,,,,,,,,,,,,,,,,,,,,,,,,,,,,,,,,,,,,,,,,,,,,,,,,,,,,,,,,,,,,,,,,,,,,,,,,,,,,,,,,,,,,,,,,,,,,,,,,,,,,,,,,,,,,,,,,,,,,,,,,,,,,,,,,,,,,,,,,,,,,,,,,,,,,,,,,,,,,,,,,,,,,,,,,,,,,,,,,,,
2024-01-02,,,,,,,,,,,,,,,,,,,,,,,,,,,,,,,,,,,,,,,,,,,,,,,,,,,,,,,,,,,,,,,,,,,,,,,,,,,,,,,,,,,,,,,,,,,,,,,,,,,,,,,,,,,,,,,,,,,,,,,,,,,,,,,,,,,,,,,,,,,,,,,,,,,,,,,,,,,,,,,,,,,,,,,,,,,,,,,,,,,,,,,,,,,,,,,
2024-01-03,,,,,,,,,,,,,,,,,,,,,,,,,,,,,,,,,,,,,,,,,,,,,,,,,,,,,,,,,,,,,,,,,,,,,,,,,,,,,,,,,,,,,,,,,,,,,,,,,,,,,,,,,,,,,,,,,,,,,,,,,,,,,,,,,,,,,,,,,,,,,,,,,,,,,,,,,,,,,,,,,,,,,,,,,,,,,,,,,,,,,,,,,,,,,,,
2024-01-04,,,,,,,,,,,,,,,,,,,,,,,,,,,,,,,,,,,,,,,,,,,,,,,,,,,,,,,,,,,,,,,,,,,,,,,,,,,,,,,,,,,,,,,,,,,,,,,,,,,,,,,,,,,,,,,,,,,,,,,,,,,,,,,,,,,,,,,,,,,,,,,,,,,,,,,,,,,,,,,,,,,,,,,,,,,,,,,,,,,,,,,,,,,,,,,
